[    4234ms] [ERROR] Failed to load resource: net::ERR_FAILED @ chrome-extension://invalid/:0
[    4301ms] [WARNING] [.WebGL-0x232c1d180a00]GL Driver Message (OpenGL, Performance, GL_CLOSE_PATH_NV, High): GPU stall due to ReadPixels @ https://www.linkedin.com/preload/?_bprMode=vanilla:0
[    4351ms] [ERROR] Failed to load resource: net::ERR_FAILED @ chrome-extension://invalid/:0
[    4487ms] [ERROR] Failed to load resource: net::ERR_FAILED @ chrome-extension://invalid/:0
[    4588ms] [ERROR] Failed to load resource: net::ERR_FAILED @ chrome-extension://invalid/:0
[    4692ms] [ERROR] Failed to load resource: net::ERR_FAILED @ chrome-extension://invalid/:0
[    4806ms] [ERROR] Failed to load resource: net::ERR_FAILED @ chrome-extension://invalid/:0
[    4907ms] [ERROR] Failed to load resource: net::ERR_FAILED @ chrome-extension://invalid/:0
[    5009ms] [ERROR] Failed to load resource: net::ERR_FAILED @ chrome-extension://invalid/:0
[    5181ms] [ERROR] Failed to load resource: net::ERR_FAILED @ chrome-extension://invalid/:0
[    5304ms] [ERROR] Failed to load resource: net::ERR_FAILED @ chrome-extension://invalid/:0
[    5419ms] [ERROR] Failed to load resource: net::ERR_FAILED @ chrome-extension://invalid/:0
[    5547ms] [ERROR] Failed to load resource: net::ERR_FAILED @ chrome-extension://invalid/:0
[    5660ms] [ERROR] Failed to load resource: net::ERR_FAILED @ chrome-extension://invalid/:0
[    5762ms] [ERROR] Failed to load resource: net::ERR_FAILED @ chrome-extension://invalid/:0
[    5863ms] [ERROR] Failed to load resource: net::ERR_FAILED @ chrome-extension://invalid/:0
[    5969ms] [ERROR] Failed to load resource: net::ERR_FAILED @ chrome-extension://invalid/:0
[    6070ms] [ERROR] Failed to load resource: net::ERR_FAILED @ chrome-extension://invalid/:0
[    6171ms] [ERROR] Failed to load resource: net::ERR_FAILED @ chrome-extension://invalid/:0
[    6272ms] [ERROR] Failed to load resource: net::ERR_FAILED @ chrome-extension://invalid/:0
[    6374ms] [ERROR] Failed to load resource: net::ERR_FAILED @ chrome-extension://invalid/:0
[    6475ms] [ERROR] Failed to load resource: net::ERR_FAILED @ chrome-extension://invalid/:0
[    6576ms] [ERROR] Failed to load resource: net::ERR_FAILED @ chrome-extension://invalid/:0
[    6677ms] [ERROR] Failed to load resource: net::ERR_FAILED @ chrome-extension://invalid/:0
[    6778ms] [ERROR] Failed to load resource: net::ERR_FAILED @ chrome-extension://invalid/:0
[    6879ms] [ERROR] Failed to load resource: net::ERR_FAILED @ chrome-extension://invalid/:0
[    6980ms] [ERROR] Failed to load resource: net::ERR_FAILED @ chrome-extension://invalid/:0
[    7082ms] [ERROR] Failed to load resource: net::ERR_FAILED @ chrome-extension://invalid/:0
[    7213ms] [ERROR] Failed to load resource: net::ERR_FAILED @ chrome-extension://invalid/:0
[    7314ms] [ERROR] Failed to load resource: net::ERR_FAILED @ chrome-extension://invalid/:0
[    7415ms] [ERROR] Failed to load resource: net::ERR_FAILED @ chrome-extension://invalid/:0
[    7516ms] [ERROR] Failed to load resource: net::ERR_FAILED @ chrome-extension://invalid/:0
[    7617ms] [ERROR] Failed to load resource: net::ERR_FAILED @ chrome-extension://invalid/:0
[    7718ms] [ERROR] Failed to load resource: net::ERR_FAILED @ chrome-extension://invalid/:0
[    7819ms] [ERROR] Failed to load resource: net::ERR_FAILED @ chrome-extension://invalid/:0
[    7920ms] [ERROR] Failed to load resource: net::ERR_FAILED @ chrome-extension://invalid/:0
[    8021ms] [ERROR] Failed to load resource: net::ERR_FAILED @ chrome-extension://invalid/:0
[    8122ms] [ERROR] Failed to load resource: net::ERR_FAILED @ chrome-extension://invalid/:0
[    8223ms] [ERROR] Failed to load resource: net::ERR_FAILED @ chrome-extension://invalid/:0
[    8324ms] [ERROR] Failed to load resource: net::ERR_FAILED @ chrome-extension://invalid/:0
[    8426ms] [ERROR] Failed to load resource: net::ERR_FAILED @ chrome-extension://invalid/:0
[    8527ms] [ERROR] Failed to load resource: net::ERR_FAILED @ chrome-extension://invalid/:0
[    8628ms] [ERROR] Failed to load resource: net::ERR_FAILED @ chrome-extension://invalid/:0
[    8729ms] [ERROR] Failed to load resource: net::ERR_FAILED @ chrome-extension://invalid/:0
[    8830ms] [ERROR] Failed to load resource: net::ERR_FAILED @ chrome-extension://invalid/:0
[    8931ms] [ERROR] Failed to load resource: net::ERR_FAILED @ chrome-extension://invalid/:0
[    9032ms] [ERROR] Failed to load resource: net::ERR_FAILED @ chrome-extension://invalid/:0
[    9133ms] [ERROR] Failed to load resource: net::ERR_FAILED @ chrome-extension://invalid/:0
[    9234ms] [ERROR] Failed to load resource: net::ERR_FAILED @ chrome-extension://invalid/:0
[    9335ms] [ERROR] Failed to load resource: net::ERR_FAILED @ chrome-extension://invalid/:0
[    9436ms] [ERROR] Failed to load resource: net::ERR_FAILED @ chrome-extension://invalid/:0
[    9538ms] [ERROR] Failed to load resource: net::ERR_FAILED @ chrome-extension://invalid/:0
[    9639ms] [ERROR] Failed to load resource: net::ERR_FAILED @ chrome-extension://invalid/:0
[    9740ms] [ERROR] Failed to load resource: net::ERR_FAILED @ chrome-extension://invalid/:0
[    9841ms] [ERROR] Failed to load resource: net::ERR_FAILED @ chrome-extension://invalid/:0
[    9943ms] [ERROR] Failed to load resource: net::ERR_FAILED @ chrome-extension://invalid/:0
[   10044ms] [ERROR] Failed to load resource: net::ERR_FAILED @ chrome-extension://invalid/:0
[   10145ms] [ERROR] Failed to load resource: net::ERR_FAILED @ chrome-extension://invalid/:0
[   10246ms] [ERROR] Failed to load resource: net::ERR_FAILED @ chrome-extension://invalid/:0
[   10347ms] [ERROR] Failed to load resource: net::ERR_FAILED @ chrome-extension://invalid/:0
[   10448ms] [ERROR] Failed to load resource: net::ERR_FAILED @ chrome-extension://invalid/:0
[   10549ms] [ERROR] Failed to load resource: net::ERR_FAILED @ chrome-extension://invalid/:0
[   10650ms] [ERROR] Failed to load resource: net::ERR_FAILED @ chrome-extension://invalid/:0
[   10751ms] [ERROR] Failed to load resource: net::ERR_FAILED @ chrome-extension://invalid/:0
[   10853ms] [ERROR] Failed to load resource: net::ERR_FAILED @ chrome-extension://invalid/:0
[   10954ms] [ERROR] Failed to load resource: net::ERR_FAILED @ chrome-extension://invalid/:0
[   11058ms] [ERROR] Failed to load resource: net::ERR_FAILED @ chrome-extension://invalid/:0
[   11160ms] [ERROR] Failed to load resource: net::ERR_FAILED @ chrome-extension://invalid/:0
[   11262ms] [ERROR] Failed to load resource: net::ERR_FAILED @ chrome-extension://invalid/:0
[   11365ms] [ERROR] Failed to load resource: net::ERR_FAILED @ chrome-extension://invalid/:0
[   11467ms] [ERROR] Failed to load resource: net::ERR_FAILED @ chrome-extension://invalid/:0
[   11569ms] [ERROR] Failed to load resource: net::ERR_FAILED @ chrome-extension://invalid/:0
[   11670ms] [ERROR] Failed to load resource: net::ERR_FAILED @ chrome-extension://invalid/:0
[   11773ms] [ERROR] Failed to load resource: net::ERR_FAILED @ chrome-extension://invalid/:0
[   11876ms] [ERROR] Failed to load resource: net::ERR_FAILED @ chrome-extension://invalid/:0
[   12072ms] [ERROR] Failed to load resource: net::ERR_FAILED @ chrome-extension://invalid/:0
[   12173ms] [ERROR] Failed to load resource: net::ERR_FAILED @ chrome-extension://invalid/:0
[   12278ms] [ERROR] Failed to load resource: net::ERR_FAILED @ chrome-extension://invalid/:0
[   12380ms] [ERROR] Failed to load resource: net::ERR_FAILED @ chrome-extension://invalid/:0
[   12483ms] [ERROR] Failed to load resource: net::ERR_FAILED @ chrome-extension://invalid/:0
[   12586ms] [ERROR] Failed to load resource: net::ERR_FAILED @ chrome-extension://invalid/:0
[   12711ms] [ERROR] Failed to load resource: net::ERR_FAILED @ chrome-extension://invalid/:0
[   12722ms] [WARNING] Attribute 'exception.tags' of type 'object' could not be converted to a proto attribute. @ https://static.licdn.com/aero-v1/sc/h/assets/BA3FGx6R.js:2
[   12723ms] [WARNING] Attribute 'application.urn' of type 'undefined' could not be converted to a proto attribute. @ https://static.licdn.com/aero-v1/sc/h/assets/BA3FGx6R.js:2
[   12723ms] [WARNING] Attribute 'application.version' of type 'undefined' could not be converted to a proto attribute. @ https://static.licdn.com/aero-v1/sc/h/assets/BA3FGx6R.js:2
[   12723ms] [WARNING] Attribute 'application.instanceId' of type 'undefined' could not be converted to a proto attribute. @ https://static.licdn.com/aero-v1/sc/h/assets/BA3FGx6R.js:2
[   12723ms] [WARNING] Attribute 'application.urn' of type 'undefined' could not be converted to a proto attribute. @ https://static.licdn.com/aero-v1/sc/h/assets/BA3FGx6R.js:2
[   12723ms] [WARNING] Attribute 'application.version' of type 'undefined' could not be converted to a proto attribute. @ https://static.licdn.com/aero-v1/sc/h/assets/BA3FGx6R.js:2
[   12723ms] [WARNING] Attribute 'application.instanceId' of type 'undefined' could not be converted to a proto attribute. @ https://static.licdn.com/aero-v1/sc/h/assets/BA3FGx6R.js:2
[   12723ms] [WARNING] Attribute 'application.urn' of type 'undefined' could not be converted to a proto attribute. @ https://static.licdn.com/aero-v1/sc/h/assets/BA3FGx6R.js:2
[   12723ms] [WARNING] Attribute 'application.version' of type 'undefined' could not be converted to a proto attribute. @ https://static.licdn.com/aero-v1/sc/h/assets/BA3FGx6R.js:2
[   12723ms] [WARNING] Attribute 'application.instanceId' of type 'undefined' could not be converted to a proto attribute. @ https://static.licdn.com/aero-v1/sc/h/assets/BA3FGx6R.js:2
[   12723ms] [WARNING] Attribute 'application.urn' of type 'undefined' could not be converted to a proto attribute. @ https://static.licdn.com/aero-v1/sc/h/assets/BA3FGx6R.js:2
[   12723ms] [WARNING] Attribute 'application.version' of type 'undefined' could not be converted to a proto attribute. @ https://static.licdn.com/aero-v1/sc/h/assets/BA3FGx6R.js:2
[   12723ms] [WARNING] Attribute 'application.instanceId' of type 'undefined' could not be converted to a proto attribute. @ https://static.licdn.com/aero-v1/sc/h/assets/BA3FGx6R.js:2
[   12723ms] [WARNING] Attribute 'application.urn' of type 'undefined' could not be converted to a proto attribute. @ https://static.licdn.com/aero-v1/sc/h/assets/BA3FGx6R.js:2
[   12723ms] [WARNING] Attribute 'application.version' of type 'undefined' could not be converted to a proto attribute. @ https://static.licdn.com/aero-v1/sc/h/assets/BA3FGx6R.js:2
[   12723ms] [WARNING] Attribute 'application.instanceId' of type 'undefined' could not be converted to a proto attribute. @ https://static.licdn.com/aero-v1/sc/h/assets/BA3FGx6R.js:2
[   12724ms] [WARNING] Attribute 'application.urn' of type 'undefined' could not be converted to a proto attribute. @ https://static.licdn.com/aero-v1/sc/h/assets/BA3FGx6R.js:2
[   12724ms] [WARNING] Attribute 'application.version' of type 'undefined' could not be converted to a proto attribute. @ https://static.licdn.com/aero-v1/sc/h/assets/BA3FGx6R.js:2
[   12724ms] [WARNING] Attribute 'application.instanceId' of type 'undefined' could not be converted to a proto attribute. @ https://static.licdn.com/aero-v1/sc/h/assets/BA3FGx6R.js:2
[   12724ms] [WARNING] Attribute 'application.urn' of type 'undefined' could not be converted to a proto attribute. @ https://static.licdn.com/aero-v1/sc/h/assets/BA3FGx6R.js:2
[   12724ms] [WARNING] Attribute 'application.version' of type 'undefined' could not be converted to a proto attribute. @ https://static.licdn.com/aero-v1/sc/h/assets/BA3FGx6R.js:2
[   12724ms] [WARNING] Attribute 'application.instanceId' of type 'undefined' could not be converted to a proto attribute. @ https://static.licdn.com/aero-v1/sc/h/assets/BA3FGx6R.js:2
[   12724ms] [WARNING] Attribute 'application.urn' of type 'undefined' could not be converted to a proto attribute. @ https://static.licdn.com/aero-v1/sc/h/assets/BA3FGx6R.js:2
[   12724ms] [WARNING] Attribute 'application.version' of type 'undefined' could not be converted to a proto attribute. @ https://static.licdn.com/aero-v1/sc/h/assets/BA3FGx6R.js:2
[   12725ms] [WARNING] Attribute 'application.instanceId' of type 'undefined' could not be converted to a proto attribute. @ https://static.licdn.com/aero-v1/sc/h/assets/BA3FGx6R.js:2
[   12725ms] [WARNING] Attribute 'application.urn' of type 'undefined' could not be converted to a proto attribute. @ https://static.licdn.com/aero-v1/sc/h/assets/BA3FGx6R.js:2
[   12725ms] [WARNING] Attribute 'application.version' of type 'undefined' could not be converted to a proto attribute. @ https://static.licdn.com/aero-v1/sc/h/assets/BA3FGx6R.js:2
[   12725ms] [WARNING] Attribute 'application.instanceId' of type 'undefined' could not be converted to a proto attribute. @ https://static.licdn.com/aero-v1/sc/h/assets/BA3FGx6R.js:2
[   12725ms] [WARNING] Attribute 'exception.tags' of type 'object' could not be converted to a proto attribute. @ https://static.licdn.com/aero-v1/sc/h/assets/BA3FGx6R.js:2
[   12725ms] [WARNING] Attribute 'application.urn' of type 'undefined' could not be converted to a proto attribute. @ https://static.licdn.com/aero-v1/sc/h/assets/BA3FGx6R.js:2
[   12725ms] [WARNING] Attribute 'application.version' of type 'undefined' could not be converted to a proto attribute. @ https://static.licdn.com/aero-v1/sc/h/assets/BA3FGx6R.js:2
[   12725ms] [WARNING] Attribute 'application.instanceId' of type 'undefined' could not be converted to a proto attribute. @ https://static.licdn.com/aero-v1/sc/h/assets/BA3FGx6R.js:2
[   12820ms] [ERROR] Failed to load resource: net::ERR_FAILED @ chrome-extension://invalid/:0
[   12921ms] [ERROR] Failed to load resource: net::ERR_FAILED @ chrome-extension://invalid/:0
[   13025ms] [WARNING] Attribute 'application.urn' of type 'undefined' could not be converted to a proto attribute. @ https://static.licdn.com/aero-v1/sc/h/assets/BA3FGx6R.js:2
[   13025ms] [WARNING] Attribute 'application.version' of type 'undefined' could not be converted to a proto attribute. @ https://static.licdn.com/aero-v1/sc/h/assets/BA3FGx6R.js:2
[   13025ms] [WARNING] Attribute 'application.instanceId' of type 'undefined' could not be converted to a proto attribute. @ https://static.licdn.com/aero-v1/sc/h/assets/BA3FGx6R.js:2
[   13025ms] [WARNING] Attribute 'application.urn' of type 'undefined' could not be converted to a proto attribute. @ https://static.licdn.com/aero-v1/sc/h/assets/BA3FGx6R.js:2
[   13025ms] [WARNING] Attribute 'application.version' of type 'undefined' could not be converted to a proto attribute. @ https://static.licdn.com/aero-v1/sc/h/assets/BA3FGx6R.js:2
[   13026ms] [WARNING] Attribute 'application.instanceId' of type 'undefined' could not be converted to a proto attribute. @ https://static.licdn.com/aero-v1/sc/h/assets/BA3FGx6R.js:2
[   13032ms] [WARNING] Attribute 'application.urn' of type 'undefined' could not be converted to a proto attribute. @ https://static.licdn.com/aero-v1/sc/h/assets/BA3FGx6R.js:2
[   13032ms] [WARNING] Attribute 'application.version' of type 'undefined' could not be converted to a proto attribute. @ https://static.licdn.com/aero-v1/sc/h/assets/BA3FGx6R.js:2
[   13032ms] [WARNING] Attribute 'application.instanceId' of type 'undefined' could not be converted to a proto attribute. @ https://static.licdn.com/aero-v1/sc/h/assets/BA3FGx6R.js:2
[   13032ms] [WARNING] Attribute 'application.urn' of type 'undefined' could not be converted to a proto attribute. @ https://static.licdn.com/aero-v1/sc/h/assets/BA3FGx6R.js:2
[   13032ms] [WARNING] Attribute 'application.version' of type 'undefined' could not be converted to a proto attribute. @ https://static.licdn.com/aero-v1/sc/h/assets/BA3FGx6R.js:2
[   13032ms] [WARNING] Attribute 'application.instanceId' of type 'undefined' could not be converted to a proto attribute. @ https://static.licdn.com/aero-v1/sc/h/assets/BA3FGx6R.js:2
[   13032ms] [WARNING] Attribute 'application.urn' of type 'undefined' could not be converted to a proto attribute. @ https://static.licdn.com/aero-v1/sc/h/assets/BA3FGx6R.js:2
[   13032ms] [WARNING] Attribute 'application.version' of type 'undefined' could not be converted to a proto attribute. @ https://static.licdn.com/aero-v1/sc/h/assets/BA3FGx6R.js:2
[   13033ms] [WARNING] Attribute 'application.instanceId' of type 'undefined' could not be converted to a proto attribute. @ https://static.licdn.com/aero-v1/sc/h/assets/BA3FGx6R.js:2
[   13033ms] [WARNING] Attribute 'application.urn' of type 'undefined' could not be converted to a proto attribute. @ https://static.licdn.com/aero-v1/sc/h/assets/BA3FGx6R.js:2
[   13033ms] [WARNING] Attribute 'application.version' of type 'undefined' could not be converted to a proto attribute. @ https://static.licdn.com/aero-v1/sc/h/assets/BA3FGx6R.js:2
[   13033ms] [WARNING] Attribute 'application.instanceId' of type 'undefined' could not be converted to a proto attribute. @ https://static.licdn.com/aero-v1/sc/h/assets/BA3FGx6R.js:2
[   13034ms] [ERROR] Failed to load resource: net::ERR_FAILED @ chrome-extension://invalid/:0
[   13154ms] [ERROR] Failed to load resource: net::ERR_FAILED @ chrome-extension://invalid/:0
[   13271ms] [ERROR] Failed to load resource: net::ERR_FAILED @ chrome-extension://invalid/:0
[   13372ms] [ERROR] Failed to load resource: net::ERR_FAILED @ chrome-extension://invalid/:0
[   13476ms] [ERROR] Failed to load resource: net::ERR_FAILED @ chrome-extension://invalid/:0
[   13577ms] [ERROR] Failed to load resource: net::ERR_FAILED @ chrome-extension://invalid/:0
[   13679ms] [ERROR] Failed to load resource: net::ERR_FAILED @ chrome-extension://invalid/:0
[   13780ms] [ERROR] Failed to load resource: net::ERR_FAILED @ chrome-extension://invalid/:0
[   13882ms] [ERROR] Failed to load resource: net::ERR_FAILED @ chrome-extension://invalid/:0
[   13984ms] [ERROR] Failed to load resource: net::ERR_FAILED @ chrome-extension://invalid/:0
[   14085ms] [ERROR] Failed to load resource: net::ERR_FAILED @ chrome-extension://invalid/:0
[   14187ms] [ERROR] Failed to load resource: net::ERR_FAILED @ chrome-extension://invalid/:0
[   14288ms] [ERROR] Failed to load resource: net::ERR_FAILED @ chrome-extension://invalid/:0
[   14390ms] [ERROR] Failed to load resource: net::ERR_FAILED @ chrome-extension://invalid/:0
[   14491ms] [ERROR] Failed to load resource: net::ERR_FAILED @ chrome-extension://invalid/:0
[   14593ms] [ERROR] Failed to load resource: net::ERR_FAILED @ chrome-extension://invalid/:0
[   14694ms] [ERROR] Failed to load resource: net::ERR_FAILED @ chrome-extension://invalid/:0
[   14796ms] [ERROR] Failed to load resource: net::ERR_FAILED @ chrome-extension://invalid/:0
[   14899ms] [ERROR] Failed to load resource: net::ERR_FAILED @ chrome-extension://invalid/:0
[   15000ms] [ERROR] Failed to load resource: net::ERR_FAILED @ chrome-extension://invalid/:0
[   15103ms] [ERROR] Failed to load resource: net::ERR_FAILED @ chrome-extension://invalid/:0
[   15206ms] [ERROR] Failed to load resource: net::ERR_FAILED @ chrome-extension://invalid/:0
[   15308ms] [ERROR] Failed to load resource: net::ERR_FAILED @ chrome-extension://invalid/:0
[   15413ms] [ERROR] Failed to load resource: net::ERR_FAILED @ chrome-extension://invalid/:0
[   15515ms] [ERROR] Failed to load resource: net::ERR_FAILED @ chrome-extension://invalid/:0
[   15617ms] [ERROR] Failed to load resource: net::ERR_FAILED @ chrome-extension://invalid/:0
[   15718ms] [ERROR] Failed to load resource: net::ERR_FAILED @ chrome-extension://invalid/:0
[   15819ms] [ERROR] Failed to load resource: net::ERR_FAILED @ chrome-extension://invalid/:0
[   15920ms] [ERROR] Failed to load resource: net::ERR_FAILED @ chrome-extension://invalid/:0
[   16021ms] [ERROR] Failed to load resource: net::ERR_FAILED @ chrome-extension://invalid/:0
[   16124ms] [ERROR] Failed to load resource: net::ERR_FAILED @ chrome-extension://invalid/:0
[   16225ms] [ERROR] Failed to load resource: net::ERR_FAILED @ chrome-extension://invalid/:0
[   16327ms] [ERROR] Failed to load resource: net::ERR_FAILED @ chrome-extension://invalid/:0
[   16428ms] [ERROR] Failed to load resource: net::ERR_FAILED @ chrome-extension://invalid/:0
[   16529ms] [ERROR] Failed to load resource: net::ERR_FAILED @ chrome-extension://invalid/:0
[   16630ms] [ERROR] Failed to load resource: net::ERR_FAILED @ chrome-extension://invalid/:0
[   16731ms] [ERROR] Failed to load resource: net::ERR_FAILED @ chrome-extension://invalid/:0
[   16832ms] [ERROR] Failed to load resource: net::ERR_FAILED @ chrome-extension://invalid/:0
[   16934ms] [ERROR] Failed to load resource: net::ERR_FAILED @ chrome-extension://invalid/:0
[   17035ms] [ERROR] Failed to load resource: net::ERR_FAILED @ chrome-extension://invalid/:0
[   17136ms] [ERROR] Failed to load resource: net::ERR_FAILED @ chrome-extension://invalid/:0
[   17237ms] [ERROR] Failed to load resource: net::ERR_FAILED @ chrome-extension://invalid/:0
[   17342ms] [ERROR] Failed to load resource: net::ERR_FAILED @ chrome-extension://invalid/:0
[   17444ms] [ERROR] Failed to load resource: net::ERR_FAILED @ chrome-extension://invalid/:0
[   17546ms] [ERROR] Failed to load resource: net::ERR_FAILED @ chrome-extension://invalid/:0
[   17647ms] [ERROR] Failed to load resource: net::ERR_FAILED @ chrome-extension://invalid/:0
[   17748ms] [ERROR] Failed to load resource: net::ERR_FAILED @ chrome-extension://invalid/:0
[   17849ms] [ERROR] Failed to load resource: net::ERR_FAILED @ chrome-extension://invalid/:0
[   17950ms] [ERROR] Failed to load resource: net::ERR_FAILED @ chrome-extension://invalid/:0
[   18051ms] [ERROR] Failed to load resource: net::ERR_FAILED @ chrome-extension://invalid/:0
[   18154ms] [ERROR] Failed to load resource: net::ERR_FAILED @ chrome-extension://invalid/:0
[   18255ms] [ERROR] Failed to load resource: net::ERR_FAILED @ chrome-extension://invalid/:0
[   18357ms] [ERROR] Failed to load resource: net::ERR_FAILED @ chrome-extension://invalid/:0
[   18458ms] [ERROR] Failed to load resource: net::ERR_FAILED @ chrome-extension://invalid/:0
[   18559ms] [ERROR] Failed to load resource: net::ERR_FAILED @ chrome-extension://invalid/:0
[   18660ms] [ERROR] Failed to load resource: net::ERR_FAILED @ chrome-extension://invalid/:0
[   18761ms] [ERROR] Failed to load resource: net::ERR_FAILED @ chrome-extension://invalid/:0
[   18862ms] [ERROR] Failed to load resource: net::ERR_FAILED @ chrome-extension://invalid/:0
[   18964ms] [ERROR] Failed to load resource: net::ERR_FAILED @ chrome-extension://invalid/:0
[   19065ms] [ERROR] Failed to load resource: net::ERR_FAILED @ chrome-extension://invalid/:0
[   19166ms] [ERROR] Failed to load resource: net::ERR_FAILED @ chrome-extension://invalid/:0
[   19267ms] [ERROR] Failed to load resource: net::ERR_FAILED @ chrome-extension://invalid/:0
[   19368ms] [ERROR] Failed to load resource: net::ERR_FAILED @ chrome-extension://invalid/:0
[   19469ms] [ERROR] Failed to load resource: net::ERR_FAILED @ chrome-extension://invalid/:0
[   19571ms] [ERROR] Failed to load resource: net::ERR_FAILED @ chrome-extension://invalid/:0
[   19673ms] [ERROR] Failed to load resource: net::ERR_FAILED @ chrome-extension://invalid/:0
[   19774ms] [ERROR] Failed to load resource: net::ERR_FAILED @ chrome-extension://invalid/:0
[   19875ms] [ERROR] Failed to load resource: net::ERR_FAILED @ chrome-extension://invalid/:0
[   19976ms] [ERROR] Failed to load resource: net::ERR_FAILED @ chrome-extension://invalid/:0
[   20078ms] [ERROR] Failed to load resource: net::ERR_FAILED @ chrome-extension://invalid/:0
[   20181ms] [ERROR] Failed to load resource: net::ERR_FAILED @ chrome-extension://invalid/:0
[   20282ms] [ERROR] Failed to load resource: net::ERR_FAILED @ chrome-extension://invalid/:0
[   20383ms] [ERROR] Failed to load resource: net::ERR_FAILED @ chrome-extension://invalid/:0
[   20486ms] [ERROR] Failed to load resource: net::ERR_FAILED @ chrome-extension://invalid/:0
[   20589ms] [ERROR] Failed to load resource: net::ERR_FAILED @ chrome-extension://invalid/:0
[   20692ms] [ERROR] Failed to load resource: net::ERR_FAILED @ chrome-extension://invalid/:0
[   20793ms] [ERROR] Failed to load resource: net::ERR_FAILED @ chrome-extension://invalid/:0
[   20894ms] [ERROR] Failed to load resource: net::ERR_FAILED @ chrome-extension://invalid/:0
[   20995ms] [ERROR] Failed to load resource: net::ERR_FAILED @ chrome-extension://invalid/:0
[   21096ms] [ERROR] Failed to load resource: net::ERR_FAILED @ chrome-extension://invalid/:0
[   21198ms] [ERROR] Failed to load resource: net::ERR_FAILED @ chrome-extension://invalid/:0
[   21299ms] [ERROR] Failed to load resource: net::ERR_FAILED @ chrome-extension://invalid/:0
[   21400ms] [ERROR] Failed to load resource: net::ERR_FAILED @ chrome-extension://invalid/:0
[   21502ms] [ERROR] Failed to load resource: net::ERR_FAILED @ chrome-extension://invalid/:0
[   21603ms] [ERROR] Failed to load resource: net::ERR_FAILED @ chrome-extension://invalid/:0
[   21704ms] [ERROR] Failed to load resource: net::ERR_FAILED @ chrome-extension://invalid/:0
[   21806ms] [ERROR] Failed to load resource: net::ERR_FAILED @ chrome-extension://invalid/:0
[   21907ms] [ERROR] Failed to load resource: net::ERR_FAILED @ chrome-extension://invalid/:0
[   22008ms] [ERROR] Failed to load resource: net::ERR_FAILED @ chrome-extension://invalid/:0
[   22110ms] [ERROR] Failed to load resource: net::ERR_FAILED @ chrome-extension://invalid/:0
[   22211ms] [ERROR] Failed to load resource: net::ERR_FAILED @ chrome-extension://invalid/:0
[   22313ms] [ERROR] Failed to load resource: net::ERR_FAILED @ chrome-extension://invalid/:0
[   22416ms] [ERROR] Failed to load resource: net::ERR_FAILED @ chrome-extension://invalid/:0
[   22519ms] [ERROR] Failed to load resource: net::ERR_FAILED @ chrome-extension://invalid/:0
[   22620ms] [ERROR] Failed to load resource: net::ERR_FAILED @ chrome-extension://invalid/:0
[   22725ms] [ERROR] Failed to load resource: net::ERR_FAILED @ chrome-extension://invalid/:0
[   22827ms] [ERROR] Failed to load resource: net::ERR_FAILED @ chrome-extension://invalid/:0
[   22929ms] [ERROR] Failed to load resource: net::ERR_FAILED @ chrome-extension://invalid/:0
[   23033ms] [ERROR] Failed to load resource: net::ERR_FAILED @ chrome-extension://invalid/:0
[   23137ms] [ERROR] Failed to load resource: net::ERR_FAILED @ chrome-extension://invalid/:0
[   23241ms] [ERROR] Failed to load resource: net::ERR_FAILED @ chrome-extension://invalid/:0
[   23342ms] [ERROR] Failed to load resource: net::ERR_FAILED @ chrome-extension://invalid/:0
[   23444ms] [ERROR] Failed to load resource: net::ERR_FAILED @ chrome-extension://invalid/:0
[   23548ms] [ERROR] Failed to load resource: net::ERR_FAILED @ chrome-extension://invalid/:0
[   23650ms] [ERROR] Failed to load resource: net::ERR_FAILED @ chrome-extension://invalid/:0
[   23751ms] [ERROR] Failed to load resource: net::ERR_FAILED @ chrome-extension://invalid/:0
[   23853ms] [ERROR] Failed to load resource: net::ERR_FAILED @ chrome-extension://invalid/:0
[   23957ms] [ERROR] Failed to load resource: net::ERR_FAILED @ chrome-extension://invalid/:0
[   24060ms] [ERROR] Failed to load resource: net::ERR_FAILED @ chrome-extension://invalid/:0
[   24163ms] [ERROR] Failed to load resource: net::ERR_FAILED @ chrome-extension://invalid/:0
[   24266ms] [ERROR] Failed to load resource: net::ERR_FAILED @ chrome-extension://invalid/:0
[   24384ms] [ERROR] Failed to load resource: net::ERR_FAILED @ chrome-extension://invalid/:0
[   24484ms] [ERROR] Failed to load resource: net::ERR_FAILED @ chrome-extension://invalid/:0
[   24586ms] [ERROR] Failed to load resource: net::ERR_FAILED @ chrome-extension://invalid/:0
[   24687ms] [ERROR] Failed to load resource: net::ERR_FAILED @ chrome-extension://invalid/:0
[   24788ms] [ERROR] Failed to load resource: net::ERR_FAILED @ chrome-extension://invalid/:0
[   24892ms] [ERROR] Failed to load resource: net::ERR_FAILED @ chrome-extension://invalid/:0
[   24994ms] [ERROR] Failed to load resource: net::ERR_FAILED @ chrome-extension://invalid/:0
[   25095ms] [ERROR] Failed to load resource: net::ERR_FAILED @ chrome-extension://invalid/:0
[   25196ms] [ERROR] Failed to load resource: net::ERR_FAILED @ chrome-extension://invalid/:0
[   25299ms] [ERROR] Failed to load resource: net::ERR_FAILED @ chrome-extension://invalid/:0
[   25400ms] [ERROR] Failed to load resource: net::ERR_FAILED @ chrome-extension://invalid/:0
[   25503ms] [ERROR] Failed to load resource: net::ERR_FAILED @ chrome-extension://invalid/:0
[   25604ms] [ERROR] Failed to load resource: net::ERR_FAILED @ chrome-extension://invalid/:0
[   25705ms] [ERROR] Failed to load resource: net::ERR_FAILED @ chrome-extension://invalid/:0
[   25807ms] [ERROR] Failed to load resource: net::ERR_FAILED @ chrome-extension://invalid/:0
[   25909ms] [ERROR] Failed to load resource: net::ERR_FAILED @ chrome-extension://invalid/:0
[   26011ms] [ERROR] Failed to load resource: net::ERR_FAILED @ chrome-extension://invalid/:0
[   26114ms] [ERROR] Failed to load resource: net::ERR_FAILED @ chrome-extension://invalid/:0
[   26215ms] [ERROR] Failed to load resource: net::ERR_FAILED @ chrome-extension://invalid/:0
[   26318ms] [ERROR] Failed to load resource: net::ERR_FAILED @ chrome-extension://invalid/:0
[   26420ms] [ERROR] Failed to load resource: net::ERR_FAILED @ chrome-extension://invalid/:0
[   26523ms] [ERROR] Failed to load resource: net::ERR_FAILED @ chrome-extension://invalid/:0
[   26625ms] [ERROR] Failed to load resource: net::ERR_FAILED @ chrome-extension://invalid/:0
[   26727ms] [ERROR] Failed to load resource: net::ERR_FAILED @ chrome-extension://invalid/:0
[   26828ms] [ERROR] Failed to load resource: net::ERR_FAILED @ chrome-extension://invalid/:0
[   26930ms] [ERROR] Failed to load resource: net::ERR_FAILED @ chrome-extension://invalid/:0
[   27031ms] [ERROR] Failed to load resource: net::ERR_FAILED @ chrome-extension://invalid/:0
[   27132ms] [ERROR] Failed to load resource: net::ERR_FAILED @ chrome-extension://invalid/:0
[   27233ms] [ERROR] Failed to load resource: net::ERR_FAILED @ chrome-extension://invalid/:0
[   27335ms] [ERROR] Failed to load resource: net::ERR_FAILED @ chrome-extension://invalid/:0
[   27436ms] [ERROR] Failed to load resource: net::ERR_FAILED @ chrome-extension://invalid/:0
[   27541ms] [ERROR] Failed to load resource: net::ERR_FAILED @ chrome-extension://invalid/:0
[   27661ms] [ERROR] Failed to load resource: net::ERR_FAILED @ chrome-extension://invalid/:0
[   27763ms] [ERROR] Failed to load resource: net::ERR_FAILED @ chrome-extension://invalid/:0
[   27864ms] [ERROR] Failed to load resource: net::ERR_FAILED @ chrome-extension://invalid/:0
[   27967ms] [ERROR] Failed to load resource: net::ERR_FAILED @ chrome-extension://invalid/:0
[   28069ms] [ERROR] Failed to load resource: net::ERR_FAILED @ chrome-extension://invalid/:0
[   28173ms] [ERROR] Failed to load resource: net::ERR_FAILED @ chrome-extension://invalid/:0
[   28274ms] [ERROR] Failed to load resource: net::ERR_FAILED @ chrome-extension://invalid/:0
[   28377ms] [ERROR] Failed to load resource: net::ERR_FAILED @ chrome-extension://invalid/:0
[   28478ms] [ERROR] Failed to load resource: net::ERR_FAILED @ chrome-extension://invalid/:0
[   28580ms] [ERROR] Failed to load resource: net::ERR_FAILED @ chrome-extension://invalid/:0
[   28681ms] [ERROR] Failed to load resource: net::ERR_FAILED @ chrome-extension://invalid/:0
[   28782ms] [ERROR] Failed to load resource: net::ERR_FAILED @ chrome-extension://invalid/:0
[   28883ms] [ERROR] Failed to load resource: net::ERR_FAILED @ chrome-extension://invalid/:0
[   28985ms] [ERROR] Failed to load resource: net::ERR_FAILED @ chrome-extension://invalid/:0
[   29086ms] [ERROR] Failed to load resource: net::ERR_FAILED @ chrome-extension://invalid/:0
[   29187ms] [ERROR] Failed to load resource: net::ERR_FAILED @ chrome-extension://invalid/:0
[   29288ms] [ERROR] Failed to load resource: net::ERR_FAILED @ chrome-extension://invalid/:0
[   29390ms] [ERROR] Failed to load resource: net::ERR_FAILED @ chrome-extension://invalid/:0
[   29491ms] [ERROR] Failed to load resource: net::ERR_FAILED @ chrome-extension://invalid/:0
[   29592ms] [ERROR] Failed to load resource: net::ERR_FAILED @ chrome-extension://invalid/:0
[   29694ms] [ERROR] Failed to load resource: net::ERR_FAILED @ chrome-extension://invalid/:0
[   29796ms] [ERROR] Failed to load resource: net::ERR_FAILED @ chrome-extension://invalid/:0
[   29897ms] [ERROR] Failed to load resource: net::ERR_FAILED @ chrome-extension://invalid/:0
[   29998ms] [ERROR] Failed to load resource: net::ERR_FAILED @ chrome-extension://invalid/:0
[   30100ms] [ERROR] Failed to load resource: net::ERR_FAILED @ chrome-extension://invalid/:0
[   30202ms] [ERROR] Failed to load resource: net::ERR_FAILED @ chrome-extension://invalid/:0
[   30303ms] [ERROR] Failed to load resource: net::ERR_FAILED @ chrome-extension://invalid/:0
[   30404ms] [ERROR] Failed to load resource: net::ERR_FAILED @ chrome-extension://invalid/:0
[   30506ms] [ERROR] Failed to load resource: net::ERR_FAILED @ chrome-extension://invalid/:0
[   30607ms] [ERROR] Failed to load resource: net::ERR_FAILED @ chrome-extension://invalid/:0
[   30708ms] [ERROR] Failed to load resource: net::ERR_FAILED @ chrome-extension://invalid/:0
[   30809ms] [ERROR] Failed to load resource: net::ERR_FAILED @ chrome-extension://invalid/:0
[   30910ms] [ERROR] Failed to load resource: net::ERR_FAILED @ chrome-extension://invalid/:0
[   31011ms] [ERROR] Failed to load resource: net::ERR_FAILED @ chrome-extension://invalid/:0
[   31112ms] [ERROR] Failed to load resource: net::ERR_FAILED @ chrome-extension://invalid/:0
[   31213ms] [ERROR] Failed to load resource: net::ERR_FAILED @ chrome-extension://invalid/:0
[   31324ms] [ERROR] Failed to load resource: net::ERR_FAILED @ chrome-extension://invalid/:0
[   31388ms] [WARNING] Attribute 'application.urn' of type 'undefined' could not be converted to a proto attribute. @ https://static.licdn.com/aero-v1/sc/h/assets/BA3FGx6R.js:2
[   31389ms] [WARNING] Attribute 'application.version' of type 'undefined' could not be converted to a proto attribute. @ https://static.licdn.com/aero-v1/sc/h/assets/BA3FGx6R.js:2
[   31389ms] [WARNING] Attribute 'application.instanceId' of type 'undefined' could not be converted to a proto attribute. @ https://static.licdn.com/aero-v1/sc/h/assets/BA3FGx6R.js:2
[   31433ms] [ERROR] Failed to load resource: net::ERR_FAILED @ chrome-extension://invalid/:0
[   31537ms] [ERROR] Failed to load resource: net::ERR_FAILED @ chrome-extension://invalid/:0
[   31639ms] [ERROR] Failed to load resource: net::ERR_FAILED @ chrome-extension://invalid/:0
[   31740ms] [ERROR] Failed to load resource: net::ERR_FAILED @ chrome-extension://invalid/:0
[   31841ms] [ERROR] Failed to load resource: net::ERR_FAILED @ chrome-extension://invalid/:0
[   31943ms] [ERROR] Failed to load resource: net::ERR_FAILED @ chrome-extension://invalid/:0
[   32045ms] [ERROR] Failed to load resource: net::ERR_FAILED @ chrome-extension://invalid/:0
[   32146ms] [ERROR] Failed to load resource: net::ERR_FAILED @ chrome-extension://invalid/:0
[   32247ms] [ERROR] Failed to load resource: net::ERR_FAILED @ chrome-extension://invalid/:0
[   32349ms] [ERROR] Failed to load resource: net::ERR_FAILED @ chrome-extension://invalid/:0
[   32450ms] [ERROR] Failed to load resource: net::ERR_FAILED @ chrome-extension://invalid/:0
[   32552ms] [ERROR] Failed to load resource: net::ERR_FAILED @ chrome-extension://invalid/:0
[   32653ms] [ERROR] Failed to load resource: net::ERR_FAILED @ chrome-extension://invalid/:0
[   32762ms] [ERROR] Failed to load resource: net::ERR_FAILED @ chrome-extension://invalid/:0
[   32863ms] [ERROR] Failed to load resource: net::ERR_FAILED @ chrome-extension://invalid/:0
[   32964ms] [ERROR] Failed to load resource: net::ERR_FAILED @ chrome-extension://invalid/:0
[   33066ms] [ERROR] Failed to load resource: net::ERR_FAILED @ chrome-extension://invalid/:0
[   33168ms] [ERROR] Failed to load resource: net::ERR_FAILED @ chrome-extension://invalid/:0
[   33269ms] [ERROR] Failed to load resource: net::ERR_FAILED @ chrome-extension://invalid/:0
[   33370ms] [ERROR] Failed to load resource: net::ERR_FAILED @ chrome-extension://invalid/:0
[   33473ms] [ERROR] Failed to load resource: net::ERR_FAILED @ chrome-extension://invalid/:0
[   33574ms] [ERROR] Failed to load resource: net::ERR_FAILED @ chrome-extension://invalid/:0
[   33676ms] [ERROR] Failed to load resource: net::ERR_FAILED @ chrome-extension://invalid/:0
[   33776ms] [ERROR] Failed to load resource: net::ERR_FAILED @ chrome-extension://invalid/:0
[   33878ms] [ERROR] Failed to load resource: net::ERR_FAILED @ chrome-extension://invalid/:0
[   33979ms] [ERROR] Failed to load resource: net::ERR_FAILED @ chrome-extension://invalid/:0
[   34081ms] [ERROR] Failed to load resource: net::ERR_FAILED @ chrome-extension://invalid/:0
[   34183ms] [ERROR] Failed to load resource: net::ERR_FAILED @ chrome-extension://invalid/:0
[   34284ms] [ERROR] Failed to load resource: net::ERR_FAILED @ chrome-extension://invalid/:0
[   34386ms] [ERROR] Failed to load resource: net::ERR_FAILED @ chrome-extension://invalid/:0
[   34489ms] [ERROR] Failed to load resource: net::ERR_FAILED @ chrome-extension://invalid/:0
[   34590ms] [ERROR] Failed to load resource: net::ERR_FAILED @ chrome-extension://invalid/:0
[   34692ms] [ERROR] Failed to load resource: net::ERR_FAILED @ chrome-extension://invalid/:0
[   34795ms] [ERROR] Failed to load resource: net::ERR_FAILED @ chrome-extension://invalid/:0
[   34898ms] [ERROR] Failed to load resource: net::ERR_FAILED @ chrome-extension://invalid/:0
[   34999ms] [ERROR] Failed to load resource: net::ERR_FAILED @ chrome-extension://invalid/:0
[   35100ms] [ERROR] Failed to load resource: net::ERR_FAILED @ chrome-extension://invalid/:0
[   35201ms] [ERROR] Failed to load resource: net::ERR_FAILED @ chrome-extension://invalid/:0
[   35302ms] [ERROR] Failed to load resource: net::ERR_FAILED @ chrome-extension://invalid/:0
[   35404ms] [ERROR] Failed to load resource: net::ERR_FAILED @ chrome-extension://invalid/:0
[   35507ms] [ERROR] Failed to load resource: net::ERR_FAILED @ chrome-extension://invalid/:0
[   35608ms] [ERROR] Failed to load resource: net::ERR_FAILED @ chrome-extension://invalid/:0
[   35709ms] [ERROR] Failed to load resource: net::ERR_FAILED @ chrome-extension://invalid/:0
[   35814ms] [ERROR] Failed to load resource: net::ERR_FAILED @ chrome-extension://invalid/:0
[   35915ms] [ERROR] Failed to load resource: net::ERR_FAILED @ chrome-extension://invalid/:0
[   36016ms] [ERROR] Failed to load resource: net::ERR_FAILED @ chrome-extension://invalid/:0
[   36117ms] [ERROR] Failed to load resource: net::ERR_FAILED @ chrome-extension://invalid/:0
[   36219ms] [ERROR] Failed to load resource: net::ERR_FAILED @ chrome-extension://invalid/:0
[   36320ms] [ERROR] Failed to load resource: net::ERR_FAILED @ chrome-extension://invalid/:0
[   36423ms] [ERROR] Failed to load resource: net::ERR_FAILED @ chrome-extension://invalid/:0
[   36525ms] [ERROR] Failed to load resource: net::ERR_FAILED @ chrome-extension://invalid/:0
[   36626ms] [ERROR] Failed to load resource: net::ERR_FAILED @ chrome-extension://invalid/:0
[   36727ms] [ERROR] Failed to load resource: net::ERR_FAILED @ chrome-extension://invalid/:0
[   36828ms] [ERROR] Failed to load resource: net::ERR_FAILED @ chrome-extension://invalid/:0
[   36929ms] [ERROR] Failed to load resource: net::ERR_FAILED @ chrome-extension://invalid/:0
[   37032ms] [ERROR] Failed to load resource: net::ERR_FAILED @ chrome-extension://invalid/:0
[   37134ms] [ERROR] Failed to load resource: net::ERR_FAILED @ chrome-extension://invalid/:0
[   37236ms] [ERROR] Failed to load resource: net::ERR_FAILED @ chrome-extension://invalid/:0
[   37338ms] [ERROR] Failed to load resource: net::ERR_FAILED @ chrome-extension://invalid/:0
[   37443ms] [ERROR] Failed to load resource: net::ERR_FAILED @ chrome-extension://invalid/:0
[   37545ms] [ERROR] Failed to load resource: net::ERR_FAILED @ chrome-extension://invalid/:0
[   37647ms] [ERROR] Failed to load resource: net::ERR_FAILED @ chrome-extension://invalid/:0
[   37749ms] [ERROR] Failed to load resource: net::ERR_FAILED @ chrome-extension://invalid/:0
[   37850ms] [ERROR] Failed to load resource: net::ERR_FAILED @ chrome-extension://invalid/:0
[   37951ms] [ERROR] Failed to load resource: net::ERR_FAILED @ chrome-extension://invalid/:0
[   38053ms] [ERROR] Failed to load resource: net::ERR_FAILED @ chrome-extension://invalid/:0
[   38154ms] [ERROR] Failed to load resource: net::ERR_FAILED @ chrome-extension://invalid/:0
[   38256ms] [ERROR] Failed to load resource: net::ERR_FAILED @ chrome-extension://invalid/:0
[   38359ms] [ERROR] Failed to load resource: net::ERR_FAILED @ chrome-extension://invalid/:0
[   38477ms] [ERROR] Failed to load resource: net::ERR_FAILED @ chrome-extension://invalid/:0
[   38578ms] [ERROR] Failed to load resource: net::ERR_FAILED @ chrome-extension://invalid/:0
[   38679ms] [ERROR] Failed to load resource: net::ERR_FAILED @ chrome-extension://invalid/:0
[   38780ms] [ERROR] Failed to load resource: net::ERR_FAILED @ chrome-extension://invalid/:0
[   38881ms] [ERROR] Failed to load resource: net::ERR_FAILED @ chrome-extension://invalid/:0
[   38983ms] [ERROR] Failed to load resource: net::ERR_FAILED @ chrome-extension://invalid/:0
[   39086ms] [ERROR] Failed to load resource: net::ERR_FAILED @ chrome-extension://invalid/:0
[   39187ms] [ERROR] Failed to load resource: net::ERR_FAILED @ chrome-extension://invalid/:0
[   39289ms] [ERROR] Failed to load resource: net::ERR_FAILED @ chrome-extension://invalid/:0
[   39391ms] [ERROR] Failed to load resource: net::ERR_FAILED @ chrome-extension://invalid/:0
[   39494ms] [ERROR] Failed to load resource: net::ERR_FAILED @ chrome-extension://invalid/:0
[   39595ms] [ERROR] Failed to load resource: net::ERR_FAILED @ chrome-extension://invalid/:0
[   39696ms] [ERROR] Failed to load resource: net::ERR_FAILED @ chrome-extension://invalid/:0
[   39797ms] [ERROR] Failed to load resource: net::ERR_FAILED @ chrome-extension://invalid/:0
[   39898ms] [ERROR] Failed to load resource: net::ERR_FAILED @ chrome-extension://invalid/:0
[   40000ms] [ERROR] Failed to load resource: net::ERR_FAILED @ chrome-extension://invalid/:0
[   40101ms] [ERROR] Failed to load resource: net::ERR_FAILED @ chrome-extension://invalid/:0
[   40202ms] [ERROR] Failed to load resource: net::ERR_FAILED @ chrome-extension://invalid/:0
[   40304ms] [ERROR] Failed to load resource: net::ERR_FAILED @ chrome-extension://invalid/:0
[   40405ms] [ERROR] Failed to load resource: net::ERR_FAILED @ chrome-extension://invalid/:0
[   40508ms] [ERROR] Failed to load resource: net::ERR_FAILED @ chrome-extension://invalid/:0
[   40610ms] [ERROR] Failed to load resource: net::ERR_FAILED @ chrome-extension://invalid/:0
[   40712ms] [ERROR] Failed to load resource: net::ERR_FAILED @ chrome-extension://invalid/:0
[   40813ms] [ERROR] Failed to load resource: net::ERR_FAILED @ chrome-extension://invalid/:0
[   40915ms] [ERROR] Failed to load resource: net::ERR_FAILED @ chrome-extension://invalid/:0
[   41017ms] [ERROR] Failed to load resource: net::ERR_FAILED @ chrome-extension://invalid/:0
[   41118ms] [ERROR] Failed to load resource: net::ERR_FAILED @ chrome-extension://invalid/:0
[   41220ms] [ERROR] Failed to load resource: net::ERR_FAILED @ chrome-extension://invalid/:0
[   41321ms] [ERROR] Failed to load resource: net::ERR_FAILED @ chrome-extension://invalid/:0
[   41423ms] [ERROR] Failed to load resource: net::ERR_FAILED @ chrome-extension://invalid/:0
[   41525ms] [ERROR] Failed to load resource: net::ERR_FAILED @ chrome-extension://invalid/:0
[   41626ms] [ERROR] Failed to load resource: net::ERR_FAILED @ chrome-extension://invalid/:0
[   41727ms] [ERROR] Failed to load resource: net::ERR_FAILED @ chrome-extension://invalid/:0
[   41828ms] [ERROR] Failed to load resource: net::ERR_FAILED @ chrome-extension://invalid/:0
[   41931ms] [ERROR] Failed to load resource: net::ERR_FAILED @ chrome-extension://invalid/:0
[   42033ms] [ERROR] Failed to load resource: net::ERR_FAILED @ chrome-extension://invalid/:0
[   42135ms] [ERROR] Failed to load resource: net::ERR_FAILED @ chrome-extension://invalid/:0
[   42240ms] [ERROR] Failed to load resource: net::ERR_FAILED @ chrome-extension://invalid/:0
[   42341ms] [ERROR] Failed to load resource: net::ERR_FAILED @ chrome-extension://invalid/:0
[   42443ms] [ERROR] Failed to load resource: net::ERR_FAILED @ chrome-extension://invalid/:0
[   42544ms] [ERROR] Failed to load resource: net::ERR_FAILED @ chrome-extension://invalid/:0
[   42647ms] [ERROR] Failed to load resource: net::ERR_FAILED @ chrome-extension://invalid/:0
[   42750ms] [ERROR] Failed to load resource: net::ERR_FAILED @ chrome-extension://invalid/:0
[   42854ms] [ERROR] Failed to load resource: net::ERR_FAILED @ chrome-extension://invalid/:0
[   42957ms] [ERROR] Failed to load resource: net::ERR_FAILED @ chrome-extension://invalid/:0
[   43059ms] [ERROR] Failed to load resource: net::ERR_FAILED @ chrome-extension://invalid/:0
[   43162ms] [ERROR] Failed to load resource: net::ERR_FAILED @ chrome-extension://invalid/:0
[   43264ms] [ERROR] Failed to load resource: net::ERR_FAILED @ chrome-extension://invalid/:0
[   43365ms] [ERROR] Failed to load resource: net::ERR_FAILED @ chrome-extension://invalid/:0
[   43466ms] [ERROR] Failed to load resource: net::ERR_FAILED @ chrome-extension://invalid/:0
[   43568ms] [ERROR] Failed to load resource: net::ERR_FAILED @ chrome-extension://invalid/:0
[   43669ms] [ERROR] Failed to load resource: net::ERR_FAILED @ chrome-extension://invalid/:0
[   43772ms] [ERROR] Failed to load resource: net::ERR_FAILED @ chrome-extension://invalid/:0
[   43873ms] [ERROR] Failed to load resource: net::ERR_FAILED @ chrome-extension://invalid/:0
[   43976ms] [ERROR] Failed to load resource: net::ERR_FAILED @ chrome-extension://invalid/:0
[   44077ms] [ERROR] Failed to load resource: net::ERR_FAILED @ chrome-extension://invalid/:0
[   44179ms] [ERROR] Failed to load resource: net::ERR_FAILED @ chrome-extension://invalid/:0
[   44280ms] [ERROR] Failed to load resource: net::ERR_FAILED @ chrome-extension://invalid/:0
[   44382ms] [ERROR] Failed to load resource: net::ERR_FAILED @ chrome-extension://invalid/:0
[   44483ms] [ERROR] Failed to load resource: net::ERR_FAILED @ chrome-extension://invalid/:0
[   44584ms] [ERROR] Failed to load resource: net::ERR_FAILED @ chrome-extension://invalid/:0
[   44686ms] [ERROR] Failed to load resource: net::ERR_FAILED @ chrome-extension://invalid/:0
[   44787ms] [ERROR] Failed to load resource: net::ERR_FAILED @ chrome-extension://invalid/:0
[   44888ms] [ERROR] Failed to load resource: net::ERR_FAILED @ chrome-extension://invalid/:0
[   44989ms] [ERROR] Failed to load resource: net::ERR_FAILED @ chrome-extension://invalid/:0
[   45092ms] [ERROR] Failed to load resource: net::ERR_FAILED @ chrome-extension://invalid/:0
[   45193ms] [ERROR] Failed to load resource: net::ERR_FAILED @ chrome-extension://invalid/:0
[   45301ms] [ERROR] Failed to load resource: net::ERR_FAILED @ chrome-extension://invalid/:0
[   45428ms] [ERROR] Failed to load resource: net::ERR_FAILED @ chrome-extension://invalid/:0
[   45529ms] [ERROR] Failed to load resource: net::ERR_FAILED @ chrome-extension://invalid/:0
[   45630ms] [ERROR] Failed to load resource: net::ERR_FAILED @ chrome-extension://invalid/:0
[   45731ms] [ERROR] Failed to load resource: net::ERR_FAILED @ chrome-extension://invalid/:0
[   45834ms] [ERROR] Failed to load resource: net::ERR_FAILED @ chrome-extension://invalid/:0
[   45936ms] [ERROR] Failed to load resource: net::ERR_FAILED @ chrome-extension://invalid/:0
[   46039ms] [ERROR] Failed to load resource: net::ERR_FAILED @ chrome-extension://invalid/:0
[   46142ms] [ERROR] Failed to load resource: net::ERR_FAILED @ chrome-extension://invalid/:0
[   46244ms] [ERROR] Failed to load resource: net::ERR_FAILED @ chrome-extension://invalid/:0
[   46346ms] [ERROR] Failed to load resource: net::ERR_FAILED @ chrome-extension://invalid/:0
[   46448ms] [ERROR] Failed to load resource: net::ERR_FAILED @ chrome-extension://invalid/:0
[   46549ms] [ERROR] Failed to load resource: net::ERR_FAILED @ chrome-extension://invalid/:0
[   46650ms] [ERROR] Failed to load resource: net::ERR_FAILED @ chrome-extension://invalid/:0
[   46751ms] [ERROR] Failed to load resource: net::ERR_FAILED @ chrome-extension://invalid/:0
[   46853ms] [ERROR] Failed to load resource: net::ERR_FAILED @ chrome-extension://invalid/:0
[   46955ms] [ERROR] Failed to load resource: net::ERR_FAILED @ chrome-extension://invalid/:0
[   47058ms] [ERROR] Failed to load resource: net::ERR_FAILED @ chrome-extension://invalid/:0
[   47159ms] [ERROR] Failed to load resource: net::ERR_FAILED @ chrome-extension://invalid/:0
[   47261ms] [ERROR] Failed to load resource: net::ERR_FAILED @ chrome-extension://invalid/:0
[   47362ms] [ERROR] Failed to load resource: net::ERR_FAILED @ chrome-extension://invalid/:0
[   47463ms] [ERROR] Failed to load resource: net::ERR_FAILED @ chrome-extension://invalid/:0
[   47564ms] [ERROR] Failed to load resource: net::ERR_FAILED @ chrome-extension://invalid/:0
[   47666ms] [ERROR] Failed to load resource: net::ERR_FAILED @ chrome-extension://invalid/:0
[   47767ms] [ERROR] Failed to load resource: net::ERR_FAILED @ chrome-extension://invalid/:0
[   47870ms] [ERROR] Failed to load resource: net::ERR_FAILED @ chrome-extension://invalid/:0
[   47973ms] [ERROR] Failed to load resource: net::ERR_FAILED @ chrome-extension://invalid/:0
[   48074ms] [ERROR] Failed to load resource: net::ERR_FAILED @ chrome-extension://invalid/:0
[   48175ms] [ERROR] Failed to load resource: net::ERR_FAILED @ chrome-extension://invalid/:0
[   48276ms] [ERROR] Failed to load resource: net::ERR_FAILED @ chrome-extension://invalid/:0
[   48378ms] [ERROR] Failed to load resource: net::ERR_FAILED @ chrome-extension://invalid/:0
[   48480ms] [ERROR] Failed to load resource: net::ERR_FAILED @ chrome-extension://invalid/:0
[   48581ms] [ERROR] Failed to load resource: net::ERR_FAILED @ chrome-extension://invalid/:0
[   48683ms] [ERROR] Failed to load resource: net::ERR_FAILED @ chrome-extension://invalid/:0
[   48786ms] [ERROR] Failed to load resource: net::ERR_FAILED @ chrome-extension://invalid/:0
[   48889ms] [ERROR] Failed to load resource: net::ERR_FAILED @ chrome-extension://invalid/:0
[   48991ms] [ERROR] Failed to load resource: net::ERR_FAILED @ chrome-extension://invalid/:0
[   49092ms] [ERROR] Failed to load resource: net::ERR_FAILED @ chrome-extension://invalid/:0
[   49194ms] [ERROR] Failed to load resource: net::ERR_FAILED @ chrome-extension://invalid/:0
[   49299ms] [ERROR] Failed to load resource: net::ERR_FAILED @ chrome-extension://invalid/:0
[   49400ms] [ERROR] Failed to load resource: net::ERR_FAILED @ chrome-extension://invalid/:0
[   49502ms] [ERROR] Failed to load resource: net::ERR_FAILED @ chrome-extension://invalid/:0
[   49604ms] [ERROR] Failed to load resource: net::ERR_FAILED @ chrome-extension://invalid/:0
[   49705ms] [ERROR] Failed to load resource: net::ERR_FAILED @ chrome-extension://invalid/:0
[   49806ms] [ERROR] Failed to load resource: net::ERR_FAILED @ chrome-extension://invalid/:0
[   49979ms] [ERROR] Failed to load resource: net::ERR_FAILED @ chrome-extension://invalid/:0
[   50088ms] [ERROR] Failed to load resource: net::ERR_FAILED @ chrome-extension://invalid/:0
[   50189ms] [ERROR] Failed to load resource: net::ERR_FAILED @ chrome-extension://invalid/:0
[   50290ms] [ERROR] Failed to load resource: net::ERR_FAILED @ chrome-extension://invalid/:0
[   50391ms] [ERROR] Failed to load resource: net::ERR_FAILED @ chrome-extension://invalid/:0
[   50494ms] [ERROR] Failed to load resource: net::ERR_FAILED @ chrome-extension://invalid/:0
[   50595ms] [ERROR] Failed to load resource: net::ERR_FAILED @ chrome-extension://invalid/:0
[   50696ms] [ERROR] Failed to load resource: net::ERR_FAILED @ chrome-extension://invalid/:0
[   50798ms] [ERROR] Failed to load resource: net::ERR_FAILED @ chrome-extension://invalid/:0
[   50899ms] [ERROR] Failed to load resource: net::ERR_FAILED @ chrome-extension://invalid/:0
[   51000ms] [ERROR] Failed to load resource: net::ERR_FAILED @ chrome-extension://invalid/:0
[   51101ms] [ERROR] Failed to load resource: net::ERR_FAILED @ chrome-extension://invalid/:0
[   51204ms] [ERROR] Failed to load resource: net::ERR_FAILED @ chrome-extension://invalid/:0
[   51305ms] [ERROR] Failed to load resource: net::ERR_FAILED @ chrome-extension://invalid/:0
[   51407ms] [ERROR] Failed to load resource: net::ERR_FAILED @ chrome-extension://invalid/:0
[   51508ms] [ERROR] Failed to load resource: net::ERR_FAILED @ chrome-extension://invalid/:0
[   51609ms] [ERROR] Failed to load resource: net::ERR_FAILED @ chrome-extension://invalid/:0
[   51710ms] [ERROR] Failed to load resource: net::ERR_FAILED @ chrome-extension://invalid/:0
[   51811ms] [ERROR] Failed to load resource: net::ERR_FAILED @ chrome-extension://invalid/:0
[   51913ms] [ERROR] Failed to load resource: net::ERR_FAILED @ chrome-extension://invalid/:0
[   52014ms] [ERROR] Failed to load resource: net::ERR_FAILED @ chrome-extension://invalid/:0
[   52114ms] [ERROR] Failed to load resource: net::ERR_FAILED @ chrome-extension://invalid/:0
[   52215ms] [ERROR] Failed to load resource: net::ERR_FAILED @ chrome-extension://invalid/:0
[   52317ms] [ERROR] Failed to load resource: net::ERR_FAILED @ chrome-extension://invalid/:0
[   52418ms] [ERROR] Failed to load resource: net::ERR_FAILED @ chrome-extension://invalid/:0
[   52520ms] [ERROR] Failed to load resource: net::ERR_FAILED @ chrome-extension://invalid/:0
[   52621ms] [ERROR] Failed to load resource: net::ERR_FAILED @ chrome-extension://invalid/:0
[   52723ms] [ERROR] Failed to load resource: net::ERR_FAILED @ chrome-extension://invalid/:0
[   52825ms] [ERROR] Failed to load resource: net::ERR_FAILED @ chrome-extension://invalid/:0
[   52926ms] [ERROR] Failed to load resource: net::ERR_FAILED @ chrome-extension://invalid/:0
[   53028ms] [ERROR] Failed to load resource: net::ERR_FAILED @ chrome-extension://invalid/:0
[   53129ms] [ERROR] Failed to load resource: net::ERR_FAILED @ chrome-extension://invalid/:0
[   53233ms] [ERROR] Failed to load resource: net::ERR_FAILED @ chrome-extension://invalid/:0
[   53335ms] [ERROR] Failed to load resource: net::ERR_FAILED @ chrome-extension://invalid/:0
[   53436ms] [ERROR] Failed to load resource: net::ERR_FAILED @ chrome-extension://invalid/:0
[   53537ms] [ERROR] Failed to load resource: net::ERR_FAILED @ chrome-extension://invalid/:0
[   53639ms] [ERROR] Failed to load resource: net::ERR_FAILED @ chrome-extension://invalid/:0
[   53740ms] [ERROR] Failed to load resource: net::ERR_FAILED @ chrome-extension://invalid/:0
[   53842ms] [ERROR] Failed to load resource: net::ERR_FAILED @ chrome-extension://invalid/:0
[   53982ms] [ERROR] Failed to load resource: net::ERR_FAILED @ chrome-extension://invalid/:0
[   54083ms] [ERROR] Failed to load resource: net::ERR_FAILED @ chrome-extension://invalid/:0
[   54184ms] [ERROR] Failed to load resource: net::ERR_FAILED @ chrome-extension://invalid/:0
[   54285ms] [ERROR] Failed to load resource: net::ERR_FAILED @ chrome-extension://invalid/:0
[   54386ms] [ERROR] Failed to load resource: net::ERR_FAILED @ chrome-extension://invalid/:0
[   54487ms] [ERROR] Failed to load resource: net::ERR_FAILED @ chrome-extension://invalid/:0
[   54588ms] [ERROR] Failed to load resource: net::ERR_FAILED @ chrome-extension://invalid/:0
[   54690ms] [ERROR] Failed to load resource: net::ERR_FAILED @ chrome-extension://invalid/:0
[   54791ms] [ERROR] Failed to load resource: net::ERR_FAILED @ chrome-extension://invalid/:0
[   54894ms] [ERROR] Failed to load resource: net::ERR_FAILED @ chrome-extension://invalid/:0
[   54996ms] [ERROR] Failed to load resource: net::ERR_FAILED @ chrome-extension://invalid/:0
[   55097ms] [ERROR] Failed to load resource: net::ERR_FAILED @ chrome-extension://invalid/:0
[   55199ms] [ERROR] Failed to load resource: net::ERR_FAILED @ chrome-extension://invalid/:0
[   55300ms] [ERROR] Failed to load resource: net::ERR_FAILED @ chrome-extension://invalid/:0
[   55403ms] [ERROR] Failed to load resource: net::ERR_FAILED @ chrome-extension://invalid/:0
[   55506ms] [ERROR] Failed to load resource: net::ERR_FAILED @ chrome-extension://invalid/:0
[   55607ms] [ERROR] Failed to load resource: net::ERR_FAILED @ chrome-extension://invalid/:0
[   55709ms] [ERROR] Failed to load resource: net::ERR_FAILED @ chrome-extension://invalid/:0
[   55811ms] [ERROR] Failed to load resource: net::ERR_FAILED @ chrome-extension://invalid/:0
[   55913ms] [ERROR] Failed to load resource: net::ERR_FAILED @ chrome-extension://invalid/:0
[   56014ms] [ERROR] Failed to load resource: net::ERR_FAILED @ chrome-extension://invalid/:0
[   56115ms] [ERROR] Failed to load resource: net::ERR_FAILED @ chrome-extension://invalid/:0
[   56218ms] [ERROR] Failed to load resource: net::ERR_FAILED @ chrome-extension://invalid/:0
[   56319ms] [ERROR] Failed to load resource: net::ERR_FAILED @ chrome-extension://invalid/:0
[   56420ms] [ERROR] Failed to load resource: net::ERR_FAILED @ chrome-extension://invalid/:0
[   56521ms] [ERROR] Failed to load resource: net::ERR_FAILED @ chrome-extension://invalid/:0
[   56622ms] [ERROR] Failed to load resource: net::ERR_FAILED @ chrome-extension://invalid/:0
[   56723ms] [ERROR] Failed to load resource: net::ERR_FAILED @ chrome-extension://invalid/:0
[   56826ms] [ERROR] Failed to load resource: net::ERR_FAILED @ chrome-extension://invalid/:0
[   56929ms] [ERROR] Failed to load resource: net::ERR_FAILED @ chrome-extension://invalid/:0
[   57031ms] [ERROR] Failed to load resource: net::ERR_FAILED @ chrome-extension://invalid/:0
[   57131ms] [ERROR] Failed to load resource: net::ERR_FAILED @ chrome-extension://invalid/:0
[   57233ms] [ERROR] Failed to load resource: net::ERR_FAILED @ chrome-extension://invalid/:0
[   57336ms] [ERROR] Failed to load resource: net::ERR_FAILED @ chrome-extension://invalid/:0
[   57438ms] [ERROR] Failed to load resource: net::ERR_FAILED @ chrome-extension://invalid/:0
[   57540ms] [ERROR] Failed to load resource: net::ERR_FAILED @ chrome-extension://invalid/:0
[   57643ms] [ERROR] Failed to load resource: net::ERR_FAILED @ chrome-extension://invalid/:0
[   57744ms] [ERROR] Failed to load resource: net::ERR_FAILED @ chrome-extension://invalid/:0
[   57845ms] [ERROR] Failed to load resource: net::ERR_FAILED @ chrome-extension://invalid/:0
[   57947ms] [ERROR] Failed to load resource: net::ERR_FAILED @ chrome-extension://invalid/:0
[   58050ms] [ERROR] Failed to load resource: net::ERR_FAILED @ chrome-extension://invalid/:0
[   58151ms] [ERROR] Failed to load resource: net::ERR_FAILED @ chrome-extension://invalid/:0
[   58252ms] [ERROR] Failed to load resource: net::ERR_FAILED @ chrome-extension://invalid/:0
[   58354ms] [ERROR] Failed to load resource: net::ERR_FAILED @ chrome-extension://invalid/:0
[   58456ms] [ERROR] Failed to load resource: net::ERR_FAILED @ chrome-extension://invalid/:0
[   58558ms] [ERROR] Failed to load resource: net::ERR_FAILED @ chrome-extension://invalid/:0
[   58659ms] [ERROR] Failed to load resource: net::ERR_FAILED @ chrome-extension://invalid/:0
[   58760ms] [ERROR] Failed to load resource: net::ERR_FAILED @ chrome-extension://invalid/:0
[   58861ms] [ERROR] Failed to load resource: net::ERR_FAILED @ chrome-extension://invalid/:0
[   58963ms] [ERROR] Failed to load resource: net::ERR_FAILED @ chrome-extension://invalid/:0
[   59065ms] [ERROR] Failed to load resource: net::ERR_FAILED @ chrome-extension://invalid/:0
[   59167ms] [ERROR] Failed to load resource: net::ERR_FAILED @ chrome-extension://invalid/:0
[   59268ms] [ERROR] Failed to load resource: net::ERR_FAILED @ chrome-extension://invalid/:0
[   59370ms] [ERROR] Failed to load resource: net::ERR_FAILED @ chrome-extension://invalid/:0
[   59472ms] [ERROR] Failed to load resource: net::ERR_FAILED @ chrome-extension://invalid/:0
[   59573ms] [ERROR] Failed to load resource: net::ERR_FAILED @ chrome-extension://invalid/:0
[   59674ms] [ERROR] Failed to load resource: net::ERR_FAILED @ chrome-extension://invalid/:0
[   59775ms] [ERROR] Failed to load resource: net::ERR_FAILED @ chrome-extension://invalid/:0
[   59876ms] [ERROR] Failed to load resource: net::ERR_FAILED @ chrome-extension://invalid/:0
[   59978ms] [ERROR] Failed to load resource: net::ERR_FAILED @ chrome-extension://invalid/:0
[   60079ms] [ERROR] Failed to load resource: net::ERR_FAILED @ chrome-extension://invalid/:0
[   60180ms] [ERROR] Failed to load resource: net::ERR_FAILED @ chrome-extension://invalid/:0
[   60281ms] [ERROR] Failed to load resource: net::ERR_FAILED @ chrome-extension://invalid/:0
[   60383ms] [ERROR] Failed to load resource: net::ERR_FAILED @ chrome-extension://invalid/:0
[   60485ms] [ERROR] Failed to load resource: net::ERR_FAILED @ chrome-extension://invalid/:0
[   60588ms] [ERROR] Failed to load resource: net::ERR_FAILED @ chrome-extension://invalid/:0
[   60689ms] [ERROR] Failed to load resource: net::ERR_FAILED @ chrome-extension://invalid/:0
[   60790ms] [ERROR] Failed to load resource: net::ERR_FAILED @ chrome-extension://invalid/:0
[   60893ms] [ERROR] Failed to load resource: net::ERR_FAILED @ chrome-extension://invalid/:0
[   60995ms] [ERROR] Failed to load resource: net::ERR_FAILED @ chrome-extension://invalid/:0
[   61098ms] [ERROR] Failed to load resource: net::ERR_FAILED @ chrome-extension://invalid/:0
[   61200ms] [ERROR] Failed to load resource: net::ERR_FAILED @ chrome-extension://invalid/:0
[   61303ms] [ERROR] Failed to load resource: net::ERR_FAILED @ chrome-extension://invalid/:0
[   61405ms] [ERROR] Failed to load resource: net::ERR_FAILED @ chrome-extension://invalid/:0
[   61508ms] [ERROR] Failed to load resource: net::ERR_FAILED @ chrome-extension://invalid/:0
[   61610ms] [ERROR] Failed to load resource: net::ERR_FAILED @ chrome-extension://invalid/:0
[   61711ms] [ERROR] Failed to load resource: net::ERR_FAILED @ chrome-extension://invalid/:0
[   61813ms] [ERROR] Failed to load resource: net::ERR_FAILED @ chrome-extension://invalid/:0
[   61915ms] [ERROR] Failed to load resource: net::ERR_FAILED @ chrome-extension://invalid/:0
[   62018ms] [ERROR] Failed to load resource: net::ERR_FAILED @ chrome-extension://invalid/:0
[   62120ms] [ERROR] Failed to load resource: net::ERR_FAILED @ chrome-extension://invalid/:0
[   62222ms] [ERROR] Failed to load resource: net::ERR_FAILED @ chrome-extension://invalid/:0
[   62323ms] [ERROR] Failed to load resource: net::ERR_FAILED @ chrome-extension://invalid/:0
[   62425ms] [ERROR] Failed to load resource: net::ERR_FAILED @ chrome-extension://invalid/:0
[   62526ms] [ERROR] Failed to load resource: net::ERR_FAILED @ chrome-extension://invalid/:0
[   62628ms] [ERROR] Failed to load resource: net::ERR_FAILED @ chrome-extension://invalid/:0
[   62731ms] [ERROR] Failed to load resource: net::ERR_FAILED @ chrome-extension://invalid/:0
[   62832ms] [ERROR] Failed to load resource: net::ERR_FAILED @ chrome-extension://invalid/:0
[   62933ms] [ERROR] Failed to load resource: net::ERR_FAILED @ chrome-extension://invalid/:0
[   63035ms] [ERROR] Failed to load resource: net::ERR_FAILED @ chrome-extension://invalid/:0
[   63136ms] [ERROR] Failed to load resource: net::ERR_FAILED @ chrome-extension://invalid/:0
[   63238ms] [ERROR] Failed to load resource: net::ERR_FAILED @ chrome-extension://invalid/:0
[   63340ms] [ERROR] Failed to load resource: net::ERR_FAILED @ chrome-extension://invalid/:0
[   63443ms] [ERROR] Failed to load resource: net::ERR_FAILED @ chrome-extension://invalid/:0
[   63544ms] [ERROR] Failed to load resource: net::ERR_FAILED @ chrome-extension://invalid/:0
[   63646ms] [ERROR] Failed to load resource: net::ERR_FAILED @ chrome-extension://invalid/:0
[   63747ms] [ERROR] Failed to load resource: net::ERR_FAILED @ chrome-extension://invalid/:0
[   63848ms] [ERROR] Failed to load resource: net::ERR_FAILED @ chrome-extension://invalid/:0
[   63949ms] [ERROR] Failed to load resource: net::ERR_FAILED @ chrome-extension://invalid/:0
[   64051ms] [ERROR] Failed to load resource: net::ERR_FAILED @ chrome-extension://invalid/:0
[   64160ms] [ERROR] Failed to load resource: net::ERR_FAILED @ chrome-extension://invalid/:0
[   64261ms] [ERROR] Failed to load resource: net::ERR_FAILED @ chrome-extension://invalid/:0
[   64362ms] [ERROR] Failed to load resource: net::ERR_FAILED @ chrome-extension://invalid/:0
[   64463ms] [ERROR] Failed to load resource: net::ERR_FAILED @ chrome-extension://invalid/:0
[   64565ms] [ERROR] Failed to load resource: net::ERR_FAILED @ chrome-extension://invalid/:0
[   64667ms] [ERROR] Failed to load resource: net::ERR_FAILED @ chrome-extension://invalid/:0
[   64768ms] [ERROR] Failed to load resource: net::ERR_FAILED @ chrome-extension://invalid/:0
[   64871ms] [ERROR] Failed to load resource: net::ERR_FAILED @ chrome-extension://invalid/:0
[   64973ms] [ERROR] Failed to load resource: net::ERR_FAILED @ chrome-extension://invalid/:0
[   65076ms] [ERROR] Failed to load resource: net::ERR_FAILED @ chrome-extension://invalid/:0
[   65177ms] [ERROR] Failed to load resource: net::ERR_FAILED @ chrome-extension://invalid/:0
[   65278ms] [ERROR] Failed to load resource: net::ERR_FAILED @ chrome-extension://invalid/:0
[   65379ms] [ERROR] Failed to load resource: net::ERR_FAILED @ chrome-extension://invalid/:0
[   65481ms] [ERROR] Failed to load resource: net::ERR_FAILED @ chrome-extension://invalid/:0
[   65583ms] [ERROR] Failed to load resource: net::ERR_FAILED @ chrome-extension://invalid/:0
[   65684ms] [ERROR] Failed to load resource: net::ERR_FAILED @ chrome-extension://invalid/:0
[   65785ms] [ERROR] Failed to load resource: net::ERR_FAILED @ chrome-extension://invalid/:0
[   65887ms] [ERROR] Failed to load resource: net::ERR_FAILED @ chrome-extension://invalid/:0
[   65988ms] [ERROR] Failed to load resource: net::ERR_FAILED @ chrome-extension://invalid/:0
[   66090ms] [ERROR] Failed to load resource: net::ERR_FAILED @ chrome-extension://invalid/:0
[   66192ms] [ERROR] Failed to load resource: net::ERR_FAILED @ chrome-extension://invalid/:0
[   66293ms] [ERROR] Failed to load resource: net::ERR_FAILED @ chrome-extension://invalid/:0
[   66394ms] [ERROR] Failed to load resource: net::ERR_FAILED @ chrome-extension://invalid/:0
[   66495ms] [ERROR] Failed to load resource: net::ERR_FAILED @ chrome-extension://invalid/:0
[   66596ms] [ERROR] Failed to load resource: net::ERR_FAILED @ chrome-extension://invalid/:0
[   66698ms] [ERROR] Failed to load resource: net::ERR_FAILED @ chrome-extension://invalid/:0
[   66799ms] [ERROR] Failed to load resource: net::ERR_FAILED @ chrome-extension://invalid/:0
[   66900ms] [ERROR] Failed to load resource: net::ERR_FAILED @ chrome-extension://invalid/:0
[   67003ms] [ERROR] Failed to load resource: net::ERR_FAILED @ chrome-extension://invalid/:0
[   67105ms] [ERROR] Failed to load resource: net::ERR_FAILED @ chrome-extension://invalid/:0
[   67206ms] [ERROR] Failed to load resource: net::ERR_FAILED @ chrome-extension://invalid/:0
[   67307ms] [ERROR] Failed to load resource: net::ERR_FAILED @ chrome-extension://invalid/:0
[   67408ms] [ERROR] Failed to load resource: net::ERR_FAILED @ chrome-extension://invalid/:0
[   67509ms] [ERROR] Failed to load resource: net::ERR_FAILED @ chrome-extension://invalid/:0
[   67610ms] [ERROR] Failed to load resource: net::ERR_FAILED @ chrome-extension://invalid/:0
[   67711ms] [ERROR] Failed to load resource: net::ERR_FAILED @ chrome-extension://invalid/:0
[   67813ms] [ERROR] Failed to load resource: net::ERR_FAILED @ chrome-extension://invalid/:0
[   67915ms] [ERROR] Failed to load resource: net::ERR_FAILED @ chrome-extension://invalid/:0
[   68016ms] [ERROR] Failed to load resource: net::ERR_FAILED @ chrome-extension://invalid/:0
[   68117ms] [ERROR] Failed to load resource: net::ERR_FAILED @ chrome-extension://invalid/:0
[   68219ms] [ERROR] Failed to load resource: net::ERR_FAILED @ chrome-extension://invalid/:0
[   68320ms] [ERROR] Failed to load resource: net::ERR_FAILED @ chrome-extension://invalid/:0
[   68422ms] [ERROR] Failed to load resource: net::ERR_FAILED @ chrome-extension://invalid/:0
[   68523ms] [ERROR] Failed to load resource: net::ERR_FAILED @ chrome-extension://invalid/:0
[   68624ms] [ERROR] Failed to load resource: net::ERR_FAILED @ chrome-extension://invalid/:0
[   68726ms] [ERROR] Failed to load resource: net::ERR_FAILED @ chrome-extension://invalid/:0
[   68827ms] [ERROR] Failed to load resource: net::ERR_FAILED @ chrome-extension://invalid/:0
[   68929ms] [ERROR] Failed to load resource: net::ERR_FAILED @ chrome-extension://invalid/:0
[   69029ms] [ERROR] Failed to load resource: net::ERR_FAILED @ chrome-extension://invalid/:0
[   69132ms] [ERROR] Failed to load resource: net::ERR_FAILED @ chrome-extension://invalid/:0
[   69233ms] [ERROR] Failed to load resource: net::ERR_FAILED @ chrome-extension://invalid/:0
[   69334ms] [ERROR] Failed to load resource: net::ERR_FAILED @ chrome-extension://invalid/:0
[   69437ms] [ERROR] Failed to load resource: net::ERR_FAILED @ chrome-extension://invalid/:0
[   69540ms] [ERROR] Failed to load resource: net::ERR_FAILED @ chrome-extension://invalid/:0
[   69641ms] [ERROR] Failed to load resource: net::ERR_FAILED @ chrome-extension://invalid/:0
[   69743ms] [ERROR] Failed to load resource: net::ERR_FAILED @ chrome-extension://invalid/:0
[   69844ms] [ERROR] Failed to load resource: net::ERR_FAILED @ chrome-extension://invalid/:0
[   69946ms] [ERROR] Failed to load resource: net::ERR_FAILED @ chrome-extension://invalid/:0
[   70048ms] [ERROR] Failed to load resource: net::ERR_FAILED @ chrome-extension://invalid/:0
[   70151ms] [ERROR] Failed to load resource: net::ERR_FAILED @ chrome-extension://invalid/:0
[   70253ms] [ERROR] Failed to load resource: net::ERR_FAILED @ chrome-extension://invalid/:0
[   70354ms] [ERROR] Failed to load resource: net::ERR_FAILED @ chrome-extension://invalid/:0
[   70456ms] [ERROR] Failed to load resource: net::ERR_FAILED @ chrome-extension://invalid/:0
[   70557ms] [ERROR] Failed to load resource: net::ERR_FAILED @ chrome-extension://invalid/:0
[   70658ms] [ERROR] Failed to load resource: net::ERR_FAILED @ chrome-extension://invalid/:0
[   70759ms] [ERROR] Failed to load resource: net::ERR_FAILED @ chrome-extension://invalid/:0
[   70860ms] [ERROR] Failed to load resource: net::ERR_FAILED @ chrome-extension://invalid/:0
[   70961ms] [ERROR] Failed to load resource: net::ERR_FAILED @ chrome-extension://invalid/:0
[   71063ms] [ERROR] Failed to load resource: net::ERR_FAILED @ chrome-extension://invalid/:0
[   71164ms] [ERROR] Failed to load resource: net::ERR_FAILED @ chrome-extension://invalid/:0
[   71265ms] [ERROR] Failed to load resource: net::ERR_FAILED @ chrome-extension://invalid/:0
[   71366ms] [ERROR] Failed to load resource: net::ERR_FAILED @ chrome-extension://invalid/:0
[   71468ms] [ERROR] Failed to load resource: net::ERR_FAILED @ chrome-extension://invalid/:0
[   71570ms] [ERROR] Failed to load resource: net::ERR_FAILED @ chrome-extension://invalid/:0
[   71671ms] [ERROR] Failed to load resource: net::ERR_FAILED @ chrome-extension://invalid/:0
[   71772ms] [ERROR] Failed to load resource: net::ERR_FAILED @ chrome-extension://invalid/:0
[   71873ms] [ERROR] Failed to load resource: net::ERR_FAILED @ chrome-extension://invalid/:0
[   71974ms] [ERROR] Failed to load resource: net::ERR_FAILED @ chrome-extension://invalid/:0
[   72075ms] [ERROR] Failed to load resource: net::ERR_FAILED @ chrome-extension://invalid/:0
[   72176ms] [ERROR] Failed to load resource: net::ERR_FAILED @ chrome-extension://invalid/:0
[   72277ms] [ERROR] Failed to load resource: net::ERR_FAILED @ chrome-extension://invalid/:0
[   72378ms] [ERROR] Failed to load resource: net::ERR_FAILED @ chrome-extension://invalid/:0
[   72480ms] [ERROR] Failed to load resource: net::ERR_FAILED @ chrome-extension://invalid/:0
[   72582ms] [ERROR] Failed to load resource: net::ERR_FAILED @ chrome-extension://invalid/:0
[   72683ms] [ERROR] Failed to load resource: net::ERR_FAILED @ chrome-extension://invalid/:0
[   72783ms] [ERROR] Failed to load resource: net::ERR_FAILED @ chrome-extension://invalid/:0
[   72885ms] [ERROR] Failed to load resource: net::ERR_FAILED @ chrome-extension://invalid/:0
[   72988ms] [ERROR] Failed to load resource: net::ERR_FAILED @ chrome-extension://invalid/:0
[   73089ms] [ERROR] Failed to load resource: net::ERR_FAILED @ chrome-extension://invalid/:0
[   73191ms] [ERROR] Failed to load resource: net::ERR_FAILED @ chrome-extension://invalid/:0
[   73292ms] [ERROR] Failed to load resource: net::ERR_FAILED @ chrome-extension://invalid/:0
[   73393ms] [ERROR] Failed to load resource: net::ERR_FAILED @ chrome-extension://invalid/:0
[   73494ms] [ERROR] Failed to load resource: net::ERR_FAILED @ chrome-extension://invalid/:0
[   73595ms] [ERROR] Failed to load resource: net::ERR_FAILED @ chrome-extension://invalid/:0
[   73698ms] [ERROR] Failed to load resource: net::ERR_FAILED @ chrome-extension://invalid/:0
[   73799ms] [ERROR] Failed to load resource: net::ERR_FAILED @ chrome-extension://invalid/:0
[   73900ms] [ERROR] Failed to load resource: net::ERR_FAILED @ chrome-extension://invalid/:0
[   74001ms] [ERROR] Failed to load resource: net::ERR_FAILED @ chrome-extension://invalid/:0
[   74102ms] [ERROR] Failed to load resource: net::ERR_FAILED @ chrome-extension://invalid/:0
[   74204ms] [ERROR] Failed to load resource: net::ERR_FAILED @ chrome-extension://invalid/:0
[   74305ms] [ERROR] Failed to load resource: net::ERR_FAILED @ chrome-extension://invalid/:0
[   74406ms] [ERROR] Failed to load resource: net::ERR_FAILED @ chrome-extension://invalid/:0
[   74509ms] [ERROR] Failed to load resource: net::ERR_FAILED @ chrome-extension://invalid/:0
[   74611ms] [ERROR] Failed to load resource: net::ERR_FAILED @ chrome-extension://invalid/:0
[   74713ms] [ERROR] Failed to load resource: net::ERR_FAILED @ chrome-extension://invalid/:0
[   74814ms] [ERROR] Failed to load resource: net::ERR_FAILED @ chrome-extension://invalid/:0
[   74915ms] [ERROR] Failed to load resource: net::ERR_FAILED @ chrome-extension://invalid/:0
[   75016ms] [ERROR] Failed to load resource: net::ERR_FAILED @ chrome-extension://invalid/:0
[   75118ms] [ERROR] Failed to load resource: net::ERR_FAILED @ chrome-extension://invalid/:0
[   75220ms] [ERROR] Failed to load resource: net::ERR_FAILED @ chrome-extension://invalid/:0
[   75321ms] [ERROR] Failed to load resource: net::ERR_FAILED @ chrome-extension://invalid/:0
[   75423ms] [ERROR] Failed to load resource: net::ERR_FAILED @ chrome-extension://invalid/:0
[   75525ms] [ERROR] Failed to load resource: net::ERR_FAILED @ chrome-extension://invalid/:0
[   75627ms] [ERROR] Failed to load resource: net::ERR_FAILED @ chrome-extension://invalid/:0
[   75729ms] [ERROR] Failed to load resource: net::ERR_FAILED @ chrome-extension://invalid/:0
[   75831ms] [ERROR] Failed to load resource: net::ERR_FAILED @ chrome-extension://invalid/:0
[   75932ms] [ERROR] Failed to load resource: net::ERR_FAILED @ chrome-extension://invalid/:0
[   76034ms] [ERROR] Failed to load resource: net::ERR_FAILED @ chrome-extension://invalid/:0
[   76135ms] [ERROR] Failed to load resource: net::ERR_FAILED @ chrome-extension://invalid/:0
[   76236ms] [ERROR] Failed to load resource: net::ERR_FAILED @ chrome-extension://invalid/:0
[   76337ms] [ERROR] Failed to load resource: net::ERR_FAILED @ chrome-extension://invalid/:0
[   76439ms] [ERROR] Failed to load resource: net::ERR_FAILED @ chrome-extension://invalid/:0
[   76540ms] [ERROR] Failed to load resource: net::ERR_FAILED @ chrome-extension://invalid/:0
[   76641ms] [ERROR] Failed to load resource: net::ERR_FAILED @ chrome-extension://invalid/:0
[   76742ms] [ERROR] Failed to load resource: net::ERR_FAILED @ chrome-extension://invalid/:0
[   76844ms] [ERROR] Failed to load resource: net::ERR_FAILED @ chrome-extension://invalid/:0
[   76945ms] [ERROR] Failed to load resource: net::ERR_FAILED @ chrome-extension://invalid/:0
[   77046ms] [ERROR] Failed to load resource: net::ERR_FAILED @ chrome-extension://invalid/:0
[   77147ms] [ERROR] Failed to load resource: net::ERR_FAILED @ chrome-extension://invalid/:0
[   77248ms] [ERROR] Failed to load resource: net::ERR_FAILED @ chrome-extension://invalid/:0
[   77351ms] [ERROR] Failed to load resource: net::ERR_FAILED @ chrome-extension://invalid/:0
[   77452ms] [ERROR] Failed to load resource: net::ERR_FAILED @ chrome-extension://invalid/:0
[   77554ms] [ERROR] Failed to load resource: net::ERR_FAILED @ chrome-extension://invalid/:0
[   77658ms] [ERROR] Failed to load resource: net::ERR_FAILED @ chrome-extension://invalid/:0
[   77759ms] [ERROR] Failed to load resource: net::ERR_FAILED @ chrome-extension://invalid/:0
[   77860ms] [ERROR] Failed to load resource: net::ERR_FAILED @ chrome-extension://invalid/:0
[   77961ms] [ERROR] Failed to load resource: net::ERR_FAILED @ chrome-extension://invalid/:0
[   78063ms] [ERROR] Failed to load resource: net::ERR_FAILED @ chrome-extension://invalid/:0
[   78166ms] [ERROR] Failed to load resource: net::ERR_FAILED @ chrome-extension://invalid/:0
[   78268ms] [ERROR] Failed to load resource: net::ERR_FAILED @ chrome-extension://invalid/:0
[   78372ms] [ERROR] Failed to load resource: net::ERR_FAILED @ chrome-extension://invalid/:0
[   78474ms] [ERROR] Failed to load resource: net::ERR_FAILED @ chrome-extension://invalid/:0
[   78576ms] [ERROR] Failed to load resource: net::ERR_FAILED @ chrome-extension://invalid/:0
[   78677ms] [ERROR] Failed to load resource: net::ERR_FAILED @ chrome-extension://invalid/:0
[   78780ms] [ERROR] Failed to load resource: net::ERR_FAILED @ chrome-extension://invalid/:0
[   78882ms] [ERROR] Failed to load resource: net::ERR_FAILED @ chrome-extension://invalid/:0
[   78983ms] [ERROR] Failed to load resource: net::ERR_FAILED @ chrome-extension://invalid/:0
[   79084ms] [ERROR] Failed to load resource: net::ERR_FAILED @ chrome-extension://invalid/:0
[   79185ms] [ERROR] Failed to load resource: net::ERR_FAILED @ chrome-extension://invalid/:0
[   79287ms] [ERROR] Failed to load resource: net::ERR_FAILED @ chrome-extension://invalid/:0
[   79388ms] [ERROR] Failed to load resource: net::ERR_FAILED @ chrome-extension://invalid/:0
[   79456ms] [WARNING] Attribute 'application.urn' of type 'undefined' could not be converted to a proto attribute. @ https://static.licdn.com/aero-v1/sc/h/assets/BA3FGx6R.js:2
[   79457ms] [WARNING] Attribute 'application.version' of type 'undefined' could not be converted to a proto attribute. @ https://static.licdn.com/aero-v1/sc/h/assets/BA3FGx6R.js:2
[   79457ms] [WARNING] Attribute 'application.instanceId' of type 'undefined' could not be converted to a proto attribute. @ https://static.licdn.com/aero-v1/sc/h/assets/BA3FGx6R.js:2
[   79540ms] [ERROR] Failed to load resource: net::ERR_FAILED @ chrome-extension://invalid/:0
[   79641ms] [ERROR] Failed to load resource: net::ERR_FAILED @ chrome-extension://invalid/:0
[   79709ms] [WARNING] Attribute 'application.urn' of type 'undefined' could not be converted to a proto attribute. @ https://static.licdn.com/aero-v1/sc/h/assets/BA3FGx6R.js:2
[   79709ms] [WARNING] Attribute 'application.version' of type 'undefined' could not be converted to a proto attribute. @ https://static.licdn.com/aero-v1/sc/h/assets/BA3FGx6R.js:2
[   79709ms] [WARNING] Attribute 'application.instanceId' of type 'undefined' could not be converted to a proto attribute. @ https://static.licdn.com/aero-v1/sc/h/assets/BA3FGx6R.js:2
[   79710ms] [WARNING] Attribute 'application.urn' of type 'undefined' could not be converted to a proto attribute. @ https://static.licdn.com/aero-v1/sc/h/assets/BA3FGx6R.js:2
[   79710ms] [WARNING] Attribute 'application.version' of type 'undefined' could not be converted to a proto attribute. @ https://static.licdn.com/aero-v1/sc/h/assets/BA3FGx6R.js:2
[   79710ms] [WARNING] Attribute 'application.instanceId' of type 'undefined' could not be converted to a proto attribute. @ https://static.licdn.com/aero-v1/sc/h/assets/BA3FGx6R.js:2
[   79716ms] [WARNING] Attribute 'application.urn' of type 'undefined' could not be converted to a proto attribute. @ https://static.licdn.com/aero-v1/sc/h/assets/BA3FGx6R.js:2
[   79720ms] [WARNING] Attribute 'application.version' of type 'undefined' could not be converted to a proto attribute. @ https://static.licdn.com/aero-v1/sc/h/assets/BA3FGx6R.js:2
[   79720ms] [WARNING] Attribute 'application.instanceId' of type 'undefined' could not be converted to a proto attribute. @ https://static.licdn.com/aero-v1/sc/h/assets/BA3FGx6R.js:2
[   79722ms] [WARNING] Attribute 'application.urn' of type 'undefined' could not be converted to a proto attribute. @ https://static.licdn.com/aero-v1/sc/h/assets/BA3FGx6R.js:2
[   79723ms] [WARNING] Attribute 'application.version' of type 'undefined' could not be converted to a proto attribute. @ https://static.licdn.com/aero-v1/sc/h/assets/BA3FGx6R.js:2
[   79723ms] [WARNING] Attribute 'application.instanceId' of type 'undefined' could not be converted to a proto attribute. @ https://static.licdn.com/aero-v1/sc/h/assets/BA3FGx6R.js:2
[   79723ms] [WARNING] Attribute 'application.urn' of type 'undefined' could not be converted to a proto attribute. @ https://static.licdn.com/aero-v1/sc/h/assets/BA3FGx6R.js:2
[   79723ms] [WARNING] Attribute 'application.version' of type 'undefined' could not be converted to a proto attribute. @ https://static.licdn.com/aero-v1/sc/h/assets/BA3FGx6R.js:2
[   79724ms] [WARNING] Attribute 'application.instanceId' of type 'undefined' could not be converted to a proto attribute. @ https://static.licdn.com/aero-v1/sc/h/assets/BA3FGx6R.js:2
[   79724ms] [WARNING] Attribute 'application.urn' of type 'undefined' could not be converted to a proto attribute. @ https://static.licdn.com/aero-v1/sc/h/assets/BA3FGx6R.js:2
[   79724ms] [WARNING] Attribute 'application.version' of type 'undefined' could not be converted to a proto attribute. @ https://static.licdn.com/aero-v1/sc/h/assets/BA3FGx6R.js:2
[   79724ms] [WARNING] Attribute 'application.instanceId' of type 'undefined' could not be converted to a proto attribute. @ https://static.licdn.com/aero-v1/sc/h/assets/BA3FGx6R.js:2
[   79725ms] [WARNING] Attribute 'application.urn' of type 'undefined' could not be converted to a proto attribute. @ https://static.licdn.com/aero-v1/sc/h/assets/BA3FGx6R.js:2
[   79726ms] [WARNING] Attribute 'application.version' of type 'undefined' could not be converted to a proto attribute. @ https://static.licdn.com/aero-v1/sc/h/assets/BA3FGx6R.js:2
[   79726ms] [WARNING] Attribute 'application.instanceId' of type 'undefined' could not be converted to a proto attribute. @ https://static.licdn.com/aero-v1/sc/h/assets/BA3FGx6R.js:2
[   79742ms] [ERROR] Failed to load resource: net::ERR_FAILED @ chrome-extension://invalid/:0
[   79844ms] [ERROR] Failed to load resource: net::ERR_FAILED @ chrome-extension://invalid/:0
[   79945ms] [ERROR] Failed to load resource: net::ERR_FAILED @ chrome-extension://invalid/:0
[   80046ms] [ERROR] Failed to load resource: net::ERR_FAILED @ chrome-extension://invalid/:0
[   80148ms] [ERROR] Failed to load resource: net::ERR_FAILED @ chrome-extension://invalid/:0
[   80249ms] [ERROR] Failed to load resource: net::ERR_FAILED @ chrome-extension://invalid/:0
[   80351ms] [ERROR] Failed to load resource: net::ERR_FAILED @ chrome-extension://invalid/:0
[   80455ms] [ERROR] Failed to load resource: net::ERR_FAILED @ chrome-extension://invalid/:0
[   80556ms] [ERROR] Failed to load resource: net::ERR_FAILED @ chrome-extension://invalid/:0
[   80658ms] [WARNING] Attribute 'application.urn' of type 'undefined' could not be converted to a proto attribute. @ https://static.licdn.com/aero-v1/sc/h/assets/BA3FGx6R.js:2
[   80659ms] [WARNING] Attribute 'application.version' of type 'undefined' could not be converted to a proto attribute. @ https://static.licdn.com/aero-v1/sc/h/assets/BA3FGx6R.js:2
[   80659ms] [WARNING] Attribute 'application.instanceId' of type 'undefined' could not be converted to a proto attribute. @ https://static.licdn.com/aero-v1/sc/h/assets/BA3FGx6R.js:2
[   80660ms] [WARNING] Attribute 'application.urn' of type 'undefined' could not be converted to a proto attribute. @ https://static.licdn.com/aero-v1/sc/h/assets/BA3FGx6R.js:2
[   80661ms] [WARNING] Attribute 'application.version' of type 'undefined' could not be converted to a proto attribute. @ https://static.licdn.com/aero-v1/sc/h/assets/BA3FGx6R.js:2
[   80663ms] [WARNING] Attribute 'application.instanceId' of type 'undefined' could not be converted to a proto attribute. @ https://static.licdn.com/aero-v1/sc/h/assets/BA3FGx6R.js:2
[   80744ms] [WARNING] Attribute 'application.urn' of type 'undefined' could not be converted to a proto attribute. @ https://static.licdn.com/aero-v1/sc/h/assets/BA3FGx6R.js:2
[   80744ms] [WARNING] Attribute 'application.version' of type 'undefined' could not be converted to a proto attribute. @ https://static.licdn.com/aero-v1/sc/h/assets/BA3FGx6R.js:2
[   80744ms] [WARNING] Attribute 'application.instanceId' of type 'undefined' could not be converted to a proto attribute. @ https://static.licdn.com/aero-v1/sc/h/assets/BA3FGx6R.js:2
[   80746ms] [WARNING] Attribute 'application.urn' of type 'undefined' could not be converted to a proto attribute. @ https://static.licdn.com/aero-v1/sc/h/assets/BA3FGx6R.js:2
[   80746ms] [WARNING] Attribute 'application.version' of type 'undefined' could not be converted to a proto attribute. @ https://static.licdn.com/aero-v1/sc/h/assets/BA3FGx6R.js:2
[   80746ms] [WARNING] Attribute 'application.instanceId' of type 'undefined' could not be converted to a proto attribute. @ https://static.licdn.com/aero-v1/sc/h/assets/BA3FGx6R.js:2
[   80751ms] [WARNING] Attribute 'application.urn' of type 'undefined' could not be converted to a proto attribute. @ https://static.licdn.com/aero-v1/sc/h/assets/BA3FGx6R.js:2
[   80752ms] [WARNING] Attribute 'application.version' of type 'undefined' could not be converted to a proto attribute. @ https://static.licdn.com/aero-v1/sc/h/assets/BA3FGx6R.js:2
[   80752ms] [WARNING] Attribute 'application.instanceId' of type 'undefined' could not be converted to a proto attribute. @ https://static.licdn.com/aero-v1/sc/h/assets/BA3FGx6R.js:2
[   80752ms] [WARNING] Attribute 'application.urn' of type 'undefined' could not be converted to a proto attribute. @ https://static.licdn.com/aero-v1/sc/h/assets/BA3FGx6R.js:2
[   80752ms] [WARNING] Attribute 'application.version' of type 'undefined' could not be converted to a proto attribute. @ https://static.licdn.com/aero-v1/sc/h/assets/BA3FGx6R.js:2
[   80752ms] [WARNING] Attribute 'application.instanceId' of type 'undefined' could not be converted to a proto attribute. @ https://static.licdn.com/aero-v1/sc/h/assets/BA3FGx6R.js:2
[   80753ms] [WARNING] Attribute 'application.urn' of type 'undefined' could not be converted to a proto attribute. @ https://static.licdn.com/aero-v1/sc/h/assets/BA3FGx6R.js:2
[   80753ms] [WARNING] Attribute 'application.version' of type 'undefined' could not be converted to a proto attribute. @ https://static.licdn.com/aero-v1/sc/h/assets/BA3FGx6R.js:2
[   80753ms] [WARNING] Attribute 'application.instanceId' of type 'undefined' could not be converted to a proto attribute. @ https://static.licdn.com/aero-v1/sc/h/assets/BA3FGx6R.js:2
[   80754ms] [WARNING] Attribute 'application.urn' of type 'undefined' could not be converted to a proto attribute. @ https://static.licdn.com/aero-v1/sc/h/assets/BA3FGx6R.js:2
[   80754ms] [WARNING] Attribute 'application.version' of type 'undefined' could not be converted to a proto attribute. @ https://static.licdn.com/aero-v1/sc/h/assets/BA3FGx6R.js:2
[   80754ms] [WARNING] Attribute 'application.instanceId' of type 'undefined' could not be converted to a proto attribute. @ https://static.licdn.com/aero-v1/sc/h/assets/BA3FGx6R.js:2
[   80758ms] [ERROR] Failed to load resource: net::ERR_FAILED @ chrome-extension://invalid/:0
[   80859ms] [ERROR] Failed to load resource: net::ERR_FAILED @ chrome-extension://invalid/:0
[   80960ms] [ERROR] Failed to load resource: net::ERR_FAILED @ chrome-extension://invalid/:0
[   81010ms] [WARNING] Attribute 'application.urn' of type 'undefined' could not be converted to a proto attribute. @ https://static.licdn.com/aero-v1/sc/h/assets/BA3FGx6R.js:2
[   81010ms] [WARNING] Attribute 'application.version' of type 'undefined' could not be converted to a proto attribute. @ https://static.licdn.com/aero-v1/sc/h/assets/BA3FGx6R.js:2
[   81010ms] [WARNING] Attribute 'application.instanceId' of type 'undefined' could not be converted to a proto attribute. @ https://static.licdn.com/aero-v1/sc/h/assets/BA3FGx6R.js:2
[   81011ms] [WARNING] Attribute 'application.urn' of type 'undefined' could not be converted to a proto attribute. @ https://static.licdn.com/aero-v1/sc/h/assets/BA3FGx6R.js:2
[   81011ms] [WARNING] Attribute 'application.version' of type 'undefined' could not be converted to a proto attribute. @ https://static.licdn.com/aero-v1/sc/h/assets/BA3FGx6R.js:2
[   81011ms] [WARNING] Attribute 'application.instanceId' of type 'undefined' could not be converted to a proto attribute. @ https://static.licdn.com/aero-v1/sc/h/assets/BA3FGx6R.js:2
[   81011ms] [WARNING] Attribute 'application.urn' of type 'undefined' could not be converted to a proto attribute. @ https://static.licdn.com/aero-v1/sc/h/assets/BA3FGx6R.js:2
[   81011ms] [WARNING] Attribute 'application.version' of type 'undefined' could not be converted to a proto attribute. @ https://static.licdn.com/aero-v1/sc/h/assets/BA3FGx6R.js:2
[   81011ms] [WARNING] Attribute 'application.instanceId' of type 'undefined' could not be converted to a proto attribute. @ https://static.licdn.com/aero-v1/sc/h/assets/BA3FGx6R.js:2
[   81012ms] [WARNING] Attribute 'application.urn' of type 'undefined' could not be converted to a proto attribute. @ https://static.licdn.com/aero-v1/sc/h/assets/BA3FGx6R.js:2
[   81012ms] [WARNING] Attribute 'application.version' of type 'undefined' could not be converted to a proto attribute. @ https://static.licdn.com/aero-v1/sc/h/assets/BA3FGx6R.js:2
[   81012ms] [WARNING] Attribute 'application.instanceId' of type 'undefined' could not be converted to a proto attribute. @ https://static.licdn.com/aero-v1/sc/h/assets/BA3FGx6R.js:2
[   81063ms] [WARNING] Attribute 'application.urn' of type 'undefined' could not be converted to a proto attribute. @ https://static.licdn.com/aero-v1/sc/h/assets/BA3FGx6R.js:2
[   81063ms] [WARNING] Attribute 'application.version' of type 'undefined' could not be converted to a proto attribute. @ https://static.licdn.com/aero-v1/sc/h/assets/BA3FGx6R.js:2
[   81063ms] [WARNING] Attribute 'application.instanceId' of type 'undefined' could not be converted to a proto attribute. @ https://static.licdn.com/aero-v1/sc/h/assets/BA3FGx6R.js:2
[   81063ms] [WARNING] Attribute 'application.urn' of type 'undefined' could not be converted to a proto attribute. @ https://static.licdn.com/aero-v1/sc/h/assets/BA3FGx6R.js:2
[   81063ms] [WARNING] Attribute 'application.version' of type 'undefined' could not be converted to a proto attribute. @ https://static.licdn.com/aero-v1/sc/h/assets/BA3FGx6R.js:2
[   81063ms] [WARNING] Attribute 'application.instanceId' of type 'undefined' could not be converted to a proto attribute. @ https://static.licdn.com/aero-v1/sc/h/assets/BA3FGx6R.js:2
[   81064ms] [WARNING] Attribute 'application.urn' of type 'undefined' could not be converted to a proto attribute. @ https://static.licdn.com/aero-v1/sc/h/assets/BA3FGx6R.js:2
[   81064ms] [WARNING] Attribute 'application.version' of type 'undefined' could not be converted to a proto attribute. @ https://static.licdn.com/aero-v1/sc/h/assets/BA3FGx6R.js:2
[   81064ms] [WARNING] Attribute 'application.instanceId' of type 'undefined' could not be converted to a proto attribute. @ https://static.licdn.com/aero-v1/sc/h/assets/BA3FGx6R.js:2
[   81065ms] [WARNING] Attribute 'application.urn' of type 'undefined' could not be converted to a proto attribute. @ https://static.licdn.com/aero-v1/sc/h/assets/BA3FGx6R.js:2
[   81065ms] [WARNING] Attribute 'application.version' of type 'undefined' could not be converted to a proto attribute. @ https://static.licdn.com/aero-v1/sc/h/assets/BA3FGx6R.js:2
[   81065ms] [WARNING] Attribute 'application.instanceId' of type 'undefined' could not be converted to a proto attribute. @ https://static.licdn.com/aero-v1/sc/h/assets/BA3FGx6R.js:2
[   81065ms] [ERROR] Failed to load resource: net::ERR_FAILED @ chrome-extension://invalid/:0
[   81118ms] [WARNING] Attribute 'application.urn' of type 'undefined' could not be converted to a proto attribute. @ https://static.licdn.com/aero-v1/sc/h/assets/BA3FGx6R.js:2
[   81118ms] [WARNING] Attribute 'application.version' of type 'undefined' could not be converted to a proto attribute. @ https://static.licdn.com/aero-v1/sc/h/assets/BA3FGx6R.js:2
[   81118ms] [WARNING] Attribute 'application.instanceId' of type 'undefined' could not be converted to a proto attribute. @ https://static.licdn.com/aero-v1/sc/h/assets/BA3FGx6R.js:2
[   81119ms] [WARNING] Attribute 'application.urn' of type 'undefined' could not be converted to a proto attribute. @ https://static.licdn.com/aero-v1/sc/h/assets/BA3FGx6R.js:2
[   81119ms] [WARNING] Attribute 'application.version' of type 'undefined' could not be converted to a proto attribute. @ https://static.licdn.com/aero-v1/sc/h/assets/BA3FGx6R.js:2
[   81119ms] [WARNING] Attribute 'application.instanceId' of type 'undefined' could not be converted to a proto attribute. @ https://static.licdn.com/aero-v1/sc/h/assets/BA3FGx6R.js:2
[   81119ms] [WARNING] Attribute 'application.urn' of type 'undefined' could not be converted to a proto attribute. @ https://static.licdn.com/aero-v1/sc/h/assets/BA3FGx6R.js:2
[   81120ms] [WARNING] Attribute 'application.version' of type 'undefined' could not be converted to a proto attribute. @ https://static.licdn.com/aero-v1/sc/h/assets/BA3FGx6R.js:2
[   81120ms] [WARNING] Attribute 'application.instanceId' of type 'undefined' could not be converted to a proto attribute. @ https://static.licdn.com/aero-v1/sc/h/assets/BA3FGx6R.js:2
[   81120ms] [WARNING] Attribute 'application.urn' of type 'undefined' could not be converted to a proto attribute. @ https://static.licdn.com/aero-v1/sc/h/assets/BA3FGx6R.js:2
[   81120ms] [WARNING] Attribute 'application.version' of type 'undefined' could not be converted to a proto attribute. @ https://static.licdn.com/aero-v1/sc/h/assets/BA3FGx6R.js:2
[   81121ms] [WARNING] Attribute 'application.instanceId' of type 'undefined' could not be converted to a proto attribute. @ https://static.licdn.com/aero-v1/sc/h/assets/BA3FGx6R.js:2
[   81149ms] [WARNING] Attribute 'application.urn' of type 'undefined' could not be converted to a proto attribute. @ https://static.licdn.com/aero-v1/sc/h/assets/BA3FGx6R.js:2
[   81150ms] [WARNING] Attribute 'application.version' of type 'undefined' could not be converted to a proto attribute. @ https://static.licdn.com/aero-v1/sc/h/assets/BA3FGx6R.js:2
[   81150ms] [WARNING] Attribute 'application.instanceId' of type 'undefined' could not be converted to a proto attribute. @ https://static.licdn.com/aero-v1/sc/h/assets/BA3FGx6R.js:2
[   81150ms] [WARNING] Attribute 'application.urn' of type 'undefined' could not be converted to a proto attribute. @ https://static.licdn.com/aero-v1/sc/h/assets/BA3FGx6R.js:2
[   81150ms] [WARNING] Attribute 'application.version' of type 'undefined' could not be converted to a proto attribute. @ https://static.licdn.com/aero-v1/sc/h/assets/BA3FGx6R.js:2
[   81150ms] [WARNING] Attribute 'application.instanceId' of type 'undefined' could not be converted to a proto attribute. @ https://static.licdn.com/aero-v1/sc/h/assets/BA3FGx6R.js:2
[   81151ms] [WARNING] Attribute 'application.urn' of type 'undefined' could not be converted to a proto attribute. @ https://static.licdn.com/aero-v1/sc/h/assets/BA3FGx6R.js:2
[   81151ms] [WARNING] Attribute 'application.version' of type 'undefined' could not be converted to a proto attribute. @ https://static.licdn.com/aero-v1/sc/h/assets/BA3FGx6R.js:2
[   81151ms] [WARNING] Attribute 'application.instanceId' of type 'undefined' could not be converted to a proto attribute. @ https://static.licdn.com/aero-v1/sc/h/assets/BA3FGx6R.js:2
[   81151ms] [WARNING] Attribute 'application.urn' of type 'undefined' could not be converted to a proto attribute. @ https://static.licdn.com/aero-v1/sc/h/assets/BA3FGx6R.js:2
[   81151ms] [WARNING] Attribute 'application.version' of type 'undefined' could not be converted to a proto attribute. @ https://static.licdn.com/aero-v1/sc/h/assets/BA3FGx6R.js:2
[   81152ms] [WARNING] Attribute 'application.instanceId' of type 'undefined' could not be converted to a proto attribute. @ https://static.licdn.com/aero-v1/sc/h/assets/BA3FGx6R.js:2
[   81166ms] [ERROR] Failed to load resource: net::ERR_FAILED @ chrome-extension://invalid/:0
[   81194ms] [WARNING] Attribute 'application.urn' of type 'undefined' could not be converted to a proto attribute. @ https://static.licdn.com/aero-v1/sc/h/assets/BA3FGx6R.js:2
[   81194ms] [WARNING] Attribute 'application.version' of type 'undefined' could not be converted to a proto attribute. @ https://static.licdn.com/aero-v1/sc/h/assets/BA3FGx6R.js:2
[   81195ms] [WARNING] Attribute 'application.instanceId' of type 'undefined' could not be converted to a proto attribute. @ https://static.licdn.com/aero-v1/sc/h/assets/BA3FGx6R.js:2
[   81195ms] [WARNING] Attribute 'application.urn' of type 'undefined' could not be converted to a proto attribute. @ https://static.licdn.com/aero-v1/sc/h/assets/BA3FGx6R.js:2
[   81195ms] [WARNING] Attribute 'application.version' of type 'undefined' could not be converted to a proto attribute. @ https://static.licdn.com/aero-v1/sc/h/assets/BA3FGx6R.js:2
[   81195ms] [WARNING] Attribute 'application.instanceId' of type 'undefined' could not be converted to a proto attribute. @ https://static.licdn.com/aero-v1/sc/h/assets/BA3FGx6R.js:2
[   81256ms] [WARNING] Attribute 'application.urn' of type 'undefined' could not be converted to a proto attribute. @ https://static.licdn.com/aero-v1/sc/h/assets/BA3FGx6R.js:2
[   81256ms] [WARNING] Attribute 'application.version' of type 'undefined' could not be converted to a proto attribute. @ https://static.licdn.com/aero-v1/sc/h/assets/BA3FGx6R.js:2
[   81256ms] [WARNING] Attribute 'application.instanceId' of type 'undefined' could not be converted to a proto attribute. @ https://static.licdn.com/aero-v1/sc/h/assets/BA3FGx6R.js:2
[   81257ms] [WARNING] Attribute 'application.urn' of type 'undefined' could not be converted to a proto attribute. @ https://static.licdn.com/aero-v1/sc/h/assets/BA3FGx6R.js:2
[   81257ms] [WARNING] Attribute 'application.version' of type 'undefined' could not be converted to a proto attribute. @ https://static.licdn.com/aero-v1/sc/h/assets/BA3FGx6R.js:2
[   81257ms] [WARNING] Attribute 'application.instanceId' of type 'undefined' could not be converted to a proto attribute. @ https://static.licdn.com/aero-v1/sc/h/assets/BA3FGx6R.js:2
[   81257ms] [WARNING] Attribute 'application.urn' of type 'undefined' could not be converted to a proto attribute. @ https://static.licdn.com/aero-v1/sc/h/assets/BA3FGx6R.js:2
[   81257ms] [WARNING] Attribute 'application.version' of type 'undefined' could not be converted to a proto attribute. @ https://static.licdn.com/aero-v1/sc/h/assets/BA3FGx6R.js:2
[   81257ms] [WARNING] Attribute 'application.instanceId' of type 'undefined' could not be converted to a proto attribute. @ https://static.licdn.com/aero-v1/sc/h/assets/BA3FGx6R.js:2
[   81258ms] [WARNING] Attribute 'application.urn' of type 'undefined' could not be converted to a proto attribute. @ https://static.licdn.com/aero-v1/sc/h/assets/BA3FGx6R.js:2
[   81258ms] [WARNING] Attribute 'application.version' of type 'undefined' could not be converted to a proto attribute. @ https://static.licdn.com/aero-v1/sc/h/assets/BA3FGx6R.js:2
[   81258ms] [WARNING] Attribute 'application.instanceId' of type 'undefined' could not be converted to a proto attribute. @ https://static.licdn.com/aero-v1/sc/h/assets/BA3FGx6R.js:2
[   81266ms] [WARNING] Attribute 'application.urn' of type 'undefined' could not be converted to a proto attribute. @ https://static.licdn.com/aero-v1/sc/h/assets/BA3FGx6R.js:2
[   81266ms] [WARNING] Attribute 'application.version' of type 'undefined' could not be converted to a proto attribute. @ https://static.licdn.com/aero-v1/sc/h/assets/BA3FGx6R.js:2
[   81267ms] [WARNING] Attribute 'application.instanceId' of type 'undefined' could not be converted to a proto attribute. @ https://static.licdn.com/aero-v1/sc/h/assets/BA3FGx6R.js:2
[   81267ms] [WARNING] Attribute 'application.urn' of type 'undefined' could not be converted to a proto attribute. @ https://static.licdn.com/aero-v1/sc/h/assets/BA3FGx6R.js:2
[   81267ms] [WARNING] Attribute 'application.version' of type 'undefined' could not be converted to a proto attribute. @ https://static.licdn.com/aero-v1/sc/h/assets/BA3FGx6R.js:2
[   81267ms] [WARNING] Attribute 'application.instanceId' of type 'undefined' could not be converted to a proto attribute. @ https://static.licdn.com/aero-v1/sc/h/assets/BA3FGx6R.js:2
[   81276ms] [WARNING] Attribute 'application.urn' of type 'undefined' could not be converted to a proto attribute. @ https://static.licdn.com/aero-v1/sc/h/assets/BA3FGx6R.js:2
[   81276ms] [WARNING] Attribute 'application.version' of type 'undefined' could not be converted to a proto attribute. @ https://static.licdn.com/aero-v1/sc/h/assets/BA3FGx6R.js:2
[   81276ms] [WARNING] Attribute 'application.instanceId' of type 'undefined' could not be converted to a proto attribute. @ https://static.licdn.com/aero-v1/sc/h/assets/BA3FGx6R.js:2
[   81276ms] [WARNING] Attribute 'application.urn' of type 'undefined' could not be converted to a proto attribute. @ https://static.licdn.com/aero-v1/sc/h/assets/BA3FGx6R.js:2
[   81276ms] [WARNING] Attribute 'application.version' of type 'undefined' could not be converted to a proto attribute. @ https://static.licdn.com/aero-v1/sc/h/assets/BA3FGx6R.js:2
[   81277ms] [WARNING] Attribute 'application.instanceId' of type 'undefined' could not be converted to a proto attribute. @ https://static.licdn.com/aero-v1/sc/h/assets/BA3FGx6R.js:2
[   81277ms] [WARNING] Attribute 'application.urn' of type 'undefined' could not be converted to a proto attribute. @ https://static.licdn.com/aero-v1/sc/h/assets/BA3FGx6R.js:2
[   81277ms] [WARNING] Attribute 'application.version' of type 'undefined' could not be converted to a proto attribute. @ https://static.licdn.com/aero-v1/sc/h/assets/BA3FGx6R.js:2
[   81277ms] [WARNING] Attribute 'application.instanceId' of type 'undefined' could not be converted to a proto attribute. @ https://static.licdn.com/aero-v1/sc/h/assets/BA3FGx6R.js:2
[   81278ms] [WARNING] Attribute 'application.urn' of type 'undefined' could not be converted to a proto attribute. @ https://static.licdn.com/aero-v1/sc/h/assets/BA3FGx6R.js:2
[   81279ms] [WARNING] Attribute 'application.version' of type 'undefined' could not be converted to a proto attribute. @ https://static.licdn.com/aero-v1/sc/h/assets/BA3FGx6R.js:2
[   81279ms] [WARNING] Attribute 'application.instanceId' of type 'undefined' could not be converted to a proto attribute. @ https://static.licdn.com/aero-v1/sc/h/assets/BA3FGx6R.js:2
[   81279ms] [ERROR] Failed to load resource: net::ERR_FAILED @ chrome-extension://invalid/:0
[   81380ms] [ERROR] Failed to load resource: net::ERR_FAILED @ chrome-extension://invalid/:0
[   81482ms] [ERROR] Failed to load resource: net::ERR_FAILED @ chrome-extension://invalid/:0
[   81582ms] [WARNING] Attribute 'exception.tags' of type 'object' could not be converted to a proto attribute. @ https://static.licdn.com/aero-v1/sc/h/assets/BA3FGx6R.js:2
[   81582ms] [WARNING] Attribute 'application.urn' of type 'undefined' could not be converted to a proto attribute. @ https://static.licdn.com/aero-v1/sc/h/assets/BA3FGx6R.js:2
[   81582ms] [WARNING] Attribute 'application.version' of type 'undefined' could not be converted to a proto attribute. @ https://static.licdn.com/aero-v1/sc/h/assets/BA3FGx6R.js:2
[   81582ms] [WARNING] Attribute 'application.instanceId' of type 'undefined' could not be converted to a proto attribute. @ https://static.licdn.com/aero-v1/sc/h/assets/BA3FGx6R.js:2
[   81582ms] [WARNING] Attribute 'application.urn' of type 'undefined' could not be converted to a proto attribute. @ https://static.licdn.com/aero-v1/sc/h/assets/BA3FGx6R.js:2
[   81582ms] [WARNING] Attribute 'application.version' of type 'undefined' could not be converted to a proto attribute. @ https://static.licdn.com/aero-v1/sc/h/assets/BA3FGx6R.js:2
[   81583ms] [WARNING] Attribute 'application.instanceId' of type 'undefined' could not be converted to a proto attribute. @ https://static.licdn.com/aero-v1/sc/h/assets/BA3FGx6R.js:2
[   81583ms] [WARNING] Attribute 'application.urn' of type 'undefined' could not be converted to a proto attribute. @ https://static.licdn.com/aero-v1/sc/h/assets/BA3FGx6R.js:2
[   81583ms] [WARNING] Attribute 'application.version' of type 'undefined' could not be converted to a proto attribute. @ https://static.licdn.com/aero-v1/sc/h/assets/BA3FGx6R.js:2
[   81583ms] [WARNING] Attribute 'application.instanceId' of type 'undefined' could not be converted to a proto attribute. @ https://static.licdn.com/aero-v1/sc/h/assets/BA3FGx6R.js:2
[   81583ms] [WARNING] Attribute 'application.urn' of type 'undefined' could not be converted to a proto attribute. @ https://static.licdn.com/aero-v1/sc/h/assets/BA3FGx6R.js:2
[   81583ms] [WARNING] Attribute 'application.version' of type 'undefined' could not be converted to a proto attribute. @ https://static.licdn.com/aero-v1/sc/h/assets/BA3FGx6R.js:2
[   81583ms] [WARNING] Attribute 'application.instanceId' of type 'undefined' could not be converted to a proto attribute. @ https://static.licdn.com/aero-v1/sc/h/assets/BA3FGx6R.js:2
[   81583ms] [WARNING] Attribute 'application.urn' of type 'undefined' could not be converted to a proto attribute. @ https://static.licdn.com/aero-v1/sc/h/assets/BA3FGx6R.js:2
[   81583ms] [WARNING] Attribute 'application.version' of type 'undefined' could not be converted to a proto attribute. @ https://static.licdn.com/aero-v1/sc/h/assets/BA3FGx6R.js:2
[   81583ms] [WARNING] Attribute 'application.instanceId' of type 'undefined' could not be converted to a proto attribute. @ https://static.licdn.com/aero-v1/sc/h/assets/BA3FGx6R.js:2
[   81583ms] [WARNING] Attribute 'application.urn' of type 'undefined' could not be converted to a proto attribute. @ https://static.licdn.com/aero-v1/sc/h/assets/BA3FGx6R.js:2
[   81583ms] [WARNING] Attribute 'application.version' of type 'undefined' could not be converted to a proto attribute. @ https://static.licdn.com/aero-v1/sc/h/assets/BA3FGx6R.js:2
[   81583ms] [WARNING] Attribute 'application.instanceId' of type 'undefined' could not be converted to a proto attribute. @ https://static.licdn.com/aero-v1/sc/h/assets/BA3FGx6R.js:2
[   81583ms] [WARNING] Attribute 'application.urn' of type 'undefined' could not be converted to a proto attribute. @ https://static.licdn.com/aero-v1/sc/h/assets/BA3FGx6R.js:2
[   81584ms] [WARNING] Attribute 'application.version' of type 'undefined' could not be converted to a proto attribute. @ https://static.licdn.com/aero-v1/sc/h/assets/BA3FGx6R.js:2
[   81584ms] [WARNING] Attribute 'application.instanceId' of type 'undefined' could not be converted to a proto attribute. @ https://static.licdn.com/aero-v1/sc/h/assets/BA3FGx6R.js:2
[   81584ms] [WARNING] Attribute 'application.urn' of type 'undefined' could not be converted to a proto attribute. @ https://static.licdn.com/aero-v1/sc/h/assets/BA3FGx6R.js:2
[   81584ms] [WARNING] Attribute 'application.version' of type 'undefined' could not be converted to a proto attribute. @ https://static.licdn.com/aero-v1/sc/h/assets/BA3FGx6R.js:2
[   81584ms] [WARNING] Attribute 'application.instanceId' of type 'undefined' could not be converted to a proto attribute. @ https://static.licdn.com/aero-v1/sc/h/assets/BA3FGx6R.js:2
[   81584ms] [WARNING] Attribute 'exception.tags' of type 'object' could not be converted to a proto attribute. @ https://static.licdn.com/aero-v1/sc/h/assets/BA3FGx6R.js:2
[   81584ms] [WARNING] Attribute 'application.urn' of type 'undefined' could not be converted to a proto attribute. @ https://static.licdn.com/aero-v1/sc/h/assets/BA3FGx6R.js:2
[   81584ms] [WARNING] Attribute 'application.version' of type 'undefined' could not be converted to a proto attribute. @ https://static.licdn.com/aero-v1/sc/h/assets/BA3FGx6R.js:2
[   81584ms] [WARNING] Attribute 'application.instanceId' of type 'undefined' could not be converted to a proto attribute. @ https://static.licdn.com/aero-v1/sc/h/assets/BA3FGx6R.js:2
[   81642ms] [ERROR] Failed to load resource: net::ERR_FAILED @ chrome-extension://invalid/:0
[   81745ms] [ERROR] Failed to load resource: net::ERR_FAILED @ chrome-extension://invalid/:0
[   81782ms] [WARNING] Attribute 'application.urn' of type 'undefined' could not be converted to a proto attribute. @ https://static.licdn.com/aero-v1/sc/h/assets/BA3FGx6R.js:2
[   81782ms] [WARNING] Attribute 'application.version' of type 'undefined' could not be converted to a proto attribute. @ https://static.licdn.com/aero-v1/sc/h/assets/BA3FGx6R.js:2
[   81782ms] [WARNING] Attribute 'application.instanceId' of type 'undefined' could not be converted to a proto attribute. @ https://static.licdn.com/aero-v1/sc/h/assets/BA3FGx6R.js:2
[   81782ms] [WARNING] Attribute 'application.urn' of type 'undefined' could not be converted to a proto attribute. @ https://static.licdn.com/aero-v1/sc/h/assets/BA3FGx6R.js:2
[   81782ms] [WARNING] Attribute 'application.version' of type 'undefined' could not be converted to a proto attribute. @ https://static.licdn.com/aero-v1/sc/h/assets/BA3FGx6R.js:2
[   81783ms] [WARNING] Attribute 'application.instanceId' of type 'undefined' could not be converted to a proto attribute. @ https://static.licdn.com/aero-v1/sc/h/assets/BA3FGx6R.js:2
[   81784ms] [WARNING] Attribute 'application.urn' of type 'undefined' could not be converted to a proto attribute. @ https://static.licdn.com/aero-v1/sc/h/assets/BA3FGx6R.js:2
[   81784ms] [WARNING] Attribute 'application.version' of type 'undefined' could not be converted to a proto attribute. @ https://static.licdn.com/aero-v1/sc/h/assets/BA3FGx6R.js:2
[   81784ms] [WARNING] Attribute 'application.instanceId' of type 'undefined' could not be converted to a proto attribute. @ https://static.licdn.com/aero-v1/sc/h/assets/BA3FGx6R.js:2
[   81786ms] [WARNING] Attribute 'application.urn' of type 'undefined' could not be converted to a proto attribute. @ https://static.licdn.com/aero-v1/sc/h/assets/BA3FGx6R.js:2
[   81786ms] [WARNING] Attribute 'application.version' of type 'undefined' could not be converted to a proto attribute. @ https://static.licdn.com/aero-v1/sc/h/assets/BA3FGx6R.js:2
[   81786ms] [WARNING] Attribute 'application.instanceId' of type 'undefined' could not be converted to a proto attribute. @ https://static.licdn.com/aero-v1/sc/h/assets/BA3FGx6R.js:2
[   81866ms] [ERROR] Failed to load resource: net::ERR_FAILED @ chrome-extension://invalid/:0
[   81869ms] [WARNING] Attribute 'exception.tags' of type 'object' could not be converted to a proto attribute. @ https://static.licdn.com/aero-v1/sc/h/assets/BA3FGx6R.js:2
[   81870ms] [WARNING] Attribute 'application.urn' of type 'undefined' could not be converted to a proto attribute. @ https://static.licdn.com/aero-v1/sc/h/assets/BA3FGx6R.js:2
[   81870ms] [WARNING] Attribute 'application.version' of type 'undefined' could not be converted to a proto attribute. @ https://static.licdn.com/aero-v1/sc/h/assets/BA3FGx6R.js:2
[   81870ms] [WARNING] Attribute 'application.instanceId' of type 'undefined' could not be converted to a proto attribute. @ https://static.licdn.com/aero-v1/sc/h/assets/BA3FGx6R.js:2
[   81967ms] [ERROR] Failed to load resource: net::ERR_FAILED @ chrome-extension://invalid/:0
[   82072ms] [ERROR] Failed to load resource: net::ERR_FAILED @ chrome-extension://invalid/:0
[   82173ms] [ERROR] Failed to load resource: net::ERR_FAILED @ chrome-extension://invalid/:0
[   82274ms] [ERROR] Failed to load resource: net::ERR_FAILED @ chrome-extension://invalid/:0
[   82349ms] [WARNING] Attribute 'exception.tags' of type 'object' could not be converted to a proto attribute. @ https://static.licdn.com/aero-v1/sc/h/assets/BA3FGx6R.js:2
[   82349ms] [WARNING] Attribute 'application.urn' of type 'undefined' could not be converted to a proto attribute. @ https://static.licdn.com/aero-v1/sc/h/assets/BA3FGx6R.js:2
[   82349ms] [WARNING] Attribute 'application.version' of type 'undefined' could not be converted to a proto attribute. @ https://static.licdn.com/aero-v1/sc/h/assets/BA3FGx6R.js:2
[   82349ms] [WARNING] Attribute 'application.instanceId' of type 'undefined' could not be converted to a proto attribute. @ https://static.licdn.com/aero-v1/sc/h/assets/BA3FGx6R.js:2
[   82375ms] [ERROR] Failed to load resource: net::ERR_FAILED @ chrome-extension://invalid/:0
[   82477ms] [ERROR] Failed to load resource: net::ERR_FAILED @ chrome-extension://invalid/:0
[   82578ms] [ERROR] Failed to load resource: net::ERR_FAILED @ chrome-extension://invalid/:0
[   82673ms] [WARNING] Attribute 'application.urn' of type 'undefined' could not be converted to a proto attribute. @ https://static.licdn.com/aero-v1/sc/h/assets/BA3FGx6R.js:2
[   82674ms] [WARNING] Attribute 'application.version' of type 'undefined' could not be converted to a proto attribute. @ https://static.licdn.com/aero-v1/sc/h/assets/BA3FGx6R.js:2
[   82674ms] [WARNING] Attribute 'application.instanceId' of type 'undefined' could not be converted to a proto attribute. @ https://static.licdn.com/aero-v1/sc/h/assets/BA3FGx6R.js:2
[   82681ms] [WARNING] Attribute 'application.urn' of type 'undefined' could not be converted to a proto attribute. @ https://static.licdn.com/aero-v1/sc/h/assets/BA3FGx6R.js:2
[   82681ms] [WARNING] Attribute 'application.version' of type 'undefined' could not be converted to a proto attribute. @ https://static.licdn.com/aero-v1/sc/h/assets/BA3FGx6R.js:2
[   82681ms] [WARNING] Attribute 'application.instanceId' of type 'undefined' could not be converted to a proto attribute. @ https://static.licdn.com/aero-v1/sc/h/assets/BA3FGx6R.js:2
[   82683ms] [ERROR] Failed to load resource: net::ERR_FAILED @ chrome-extension://invalid/:0
[   82683ms] [WARNING] Attribute 'application.urn' of type 'undefined' could not be converted to a proto attribute. @ https://static.licdn.com/aero-v1/sc/h/assets/BA3FGx6R.js:2
[   82684ms] [WARNING] Attribute 'application.version' of type 'undefined' could not be converted to a proto attribute. @ https://static.licdn.com/aero-v1/sc/h/assets/BA3FGx6R.js:2
[   82684ms] [WARNING] Attribute 'application.instanceId' of type 'undefined' could not be converted to a proto attribute. @ https://static.licdn.com/aero-v1/sc/h/assets/BA3FGx6R.js:2
[   82684ms] [WARNING] Attribute 'application.urn' of type 'undefined' could not be converted to a proto attribute. @ https://static.licdn.com/aero-v1/sc/h/assets/BA3FGx6R.js:2
[   82684ms] [WARNING] Attribute 'application.version' of type 'undefined' could not be converted to a proto attribute. @ https://static.licdn.com/aero-v1/sc/h/assets/BA3FGx6R.js:2
[   82684ms] [WARNING] Attribute 'application.instanceId' of type 'undefined' could not be converted to a proto attribute. @ https://static.licdn.com/aero-v1/sc/h/assets/BA3FGx6R.js:2
[   82784ms] [ERROR] Failed to load resource: net::ERR_FAILED @ chrome-extension://invalid/:0
[   82840ms] [WARNING] Attribute 'exception.tags' of type 'object' could not be converted to a proto attribute. @ https://static.licdn.com/aero-v1/sc/h/assets/BA3FGx6R.js:2
[   82840ms] [WARNING] Attribute 'application.urn' of type 'undefined' could not be converted to a proto attribute. @ https://static.licdn.com/aero-v1/sc/h/assets/BA3FGx6R.js:2
[   82840ms] [WARNING] Attribute 'application.version' of type 'undefined' could not be converted to a proto attribute. @ https://static.licdn.com/aero-v1/sc/h/assets/BA3FGx6R.js:2
[   82840ms] [WARNING] Attribute 'application.instanceId' of type 'undefined' could not be converted to a proto attribute. @ https://static.licdn.com/aero-v1/sc/h/assets/BA3FGx6R.js:2
[   82886ms] [ERROR] Failed to load resource: net::ERR_FAILED @ chrome-extension://invalid/:0
[   82987ms] [ERROR] Failed to load resource: net::ERR_FAILED @ chrome-extension://invalid/:0
[   83088ms] [ERROR] Failed to load resource: net::ERR_FAILED @ chrome-extension://invalid/:0
[   83190ms] [ERROR] Failed to load resource: net::ERR_FAILED @ chrome-extension://invalid/:0
[   83268ms] [WARNING] Attribute 'application.urn' of type 'undefined' could not be converted to a proto attribute. @ https://static.licdn.com/aero-v1/sc/h/assets/BA3FGx6R.js:2
[   83268ms] [WARNING] Attribute 'application.version' of type 'undefined' could not be converted to a proto attribute. @ https://static.licdn.com/aero-v1/sc/h/assets/BA3FGx6R.js:2
[   83268ms] [WARNING] Attribute 'application.instanceId' of type 'undefined' could not be converted to a proto attribute. @ https://static.licdn.com/aero-v1/sc/h/assets/BA3FGx6R.js:2
[   83290ms] [ERROR] Failed to load resource: net::ERR_FAILED @ chrome-extension://invalid/:0
[   83335ms] [WARNING] Attribute 'exception.tags' of type 'object' could not be converted to a proto attribute. @ https://static.licdn.com/aero-v1/sc/h/assets/BA3FGx6R.js:2
[   83336ms] [WARNING] Attribute 'application.urn' of type 'undefined' could not be converted to a proto attribute. @ https://static.licdn.com/aero-v1/sc/h/assets/BA3FGx6R.js:2
[   83336ms] [WARNING] Attribute 'application.version' of type 'undefined' could not be converted to a proto attribute. @ https://static.licdn.com/aero-v1/sc/h/assets/BA3FGx6R.js:2
[   83336ms] [WARNING] Attribute 'application.instanceId' of type 'undefined' could not be converted to a proto attribute. @ https://static.licdn.com/aero-v1/sc/h/assets/BA3FGx6R.js:2
[   83394ms] [ERROR] Failed to load resource: net::ERR_FAILED @ chrome-extension://invalid/:0
[   83495ms] [ERROR] Failed to load resource: net::ERR_FAILED @ chrome-extension://invalid/:0
[   83596ms] [ERROR] Failed to load resource: net::ERR_FAILED @ chrome-extension://invalid/:0
[   83698ms] [ERROR] Failed to load resource: net::ERR_FAILED @ chrome-extension://invalid/:0
[   83799ms] [ERROR] Failed to load resource: net::ERR_FAILED @ chrome-extension://invalid/:0
[   83900ms] [ERROR] Failed to load resource: net::ERR_FAILED @ chrome-extension://invalid/:0
[   84001ms] [ERROR] Failed to load resource: net::ERR_FAILED @ chrome-extension://invalid/:0
[   84103ms] [ERROR] Failed to load resource: net::ERR_FAILED @ chrome-extension://invalid/:0
[   84204ms] [ERROR] Failed to load resource: net::ERR_FAILED @ chrome-extension://invalid/:0
[   84305ms] [ERROR] Failed to load resource: net::ERR_FAILED @ chrome-extension://invalid/:0
[   84406ms] [ERROR] Failed to load resource: net::ERR_FAILED @ chrome-extension://invalid/:0
[   84508ms] [ERROR] Failed to load resource: net::ERR_FAILED @ chrome-extension://invalid/:0
[   84609ms] [ERROR] Failed to load resource: net::ERR_FAILED @ chrome-extension://invalid/:0
[   84710ms] [ERROR] Failed to load resource: net::ERR_FAILED @ chrome-extension://invalid/:0
[   84811ms] [ERROR] Failed to load resource: net::ERR_FAILED @ chrome-extension://invalid/:0
[   84913ms] [ERROR] Failed to load resource: net::ERR_FAILED @ chrome-extension://invalid/:0
[   85014ms] [ERROR] Failed to load resource: net::ERR_FAILED @ chrome-extension://invalid/:0
[   85115ms] [ERROR] Failed to load resource: net::ERR_FAILED @ chrome-extension://invalid/:0
[   85216ms] [ERROR] Failed to load resource: net::ERR_FAILED @ chrome-extension://invalid/:0
[   85317ms] [ERROR] Failed to load resource: net::ERR_FAILED @ chrome-extension://invalid/:0
[   85417ms] [ERROR] Failed to load resource: net::ERR_FAILED @ chrome-extension://invalid/:0
[   85520ms] [ERROR] Failed to load resource: net::ERR_FAILED @ chrome-extension://invalid/:0
[   85621ms] [ERROR] Failed to load resource: net::ERR_FAILED @ chrome-extension://invalid/:0
[   85723ms] [ERROR] Failed to load resource: net::ERR_FAILED @ chrome-extension://invalid/:0
[   85826ms] [ERROR] Failed to load resource: net::ERR_FAILED @ chrome-extension://invalid/:0
[   85928ms] [ERROR] Failed to load resource: net::ERR_FAILED @ chrome-extension://invalid/:0
[   86029ms] [ERROR] Failed to load resource: net::ERR_FAILED @ chrome-extension://invalid/:0
[   86130ms] [ERROR] Failed to load resource: net::ERR_FAILED @ chrome-extension://invalid/:0
[   86231ms] [ERROR] Failed to load resource: net::ERR_FAILED @ chrome-extension://invalid/:0
[   86333ms] [ERROR] Failed to load resource: net::ERR_FAILED @ chrome-extension://invalid/:0
[   86435ms] [ERROR] Failed to load resource: net::ERR_FAILED @ chrome-extension://invalid/:0
[   86537ms] [ERROR] Failed to load resource: net::ERR_FAILED @ chrome-extension://invalid/:0
[   86638ms] [ERROR] Failed to load resource: net::ERR_FAILED @ chrome-extension://invalid/:0
[   86739ms] [ERROR] Failed to load resource: net::ERR_FAILED @ chrome-extension://invalid/:0
[   86840ms] [ERROR] Failed to load resource: net::ERR_FAILED @ chrome-extension://invalid/:0
[   86941ms] [ERROR] Failed to load resource: net::ERR_FAILED @ chrome-extension://invalid/:0
[   87043ms] [ERROR] Failed to load resource: net::ERR_FAILED @ chrome-extension://invalid/:0
[   87144ms] [ERROR] Failed to load resource: net::ERR_FAILED @ chrome-extension://invalid/:0
[   87245ms] [ERROR] Failed to load resource: net::ERR_FAILED @ chrome-extension://invalid/:0
