[      99ms] [ERROR] Failed to load resource: the server responded with a status of 404 (File not found) @ http://localhost:8123/favicon.ico:0
[     164ms] [LOG] [probe] library loaded, keys=ASTFeatureExtractor,ASTForAudioClassification,ASTModel,ASTPreTrainedModel,AfmoeForCausalLM,AfmoeModel,AfmoePreTrainedModel,AlbertForMaskedLM @ http://localhost:8123/whisper-probe.html:11
[     167ms] [LOG] [probe] env set: localModelPath=http://localhost:8123/models/ @ http://localhost:8123/whisper-probe.html:11
[     194ms] [LOG] [probe] cb initiate config.json @ http://localhost:8123/whisper-probe.html:11
[     196ms] [LOG] [probe] cb download config.json @ http://localhost:8123/whisper-probe.html:11
[     200ms] [LOG] [probe] cb progress_total  @ http://localhost:8123/whisper-probe.html:11
[     200ms] [LOG] [probe] progress config.json 100 @ http://localhost:8123/whisper-probe.html:11
[     200ms] [LOG] [probe] cb done config.json @ http://localhost:8123/whisper-probe.html:11
[     207ms] [LOG] [probe] cb initiate onnx/encoder_model.onnx @ http://localhost:8123/whisper-probe.html:11
[     207ms] [LOG] [probe] cb initiate onnx/decoder_model_merged.onnx @ http://localhost:8123/whisper-probe.html:11
[     208ms] [LOG] [probe] cb initiate generation_config.json @ http://localhost:8123/whisper-probe.html:11
[     219ms] [LOG] [probe] cb download onnx/encoder_model.onnx @ http://localhost:8123/whisper-probe.html:11
[     220ms] [LOG] [probe] cb download generation_config.json @ http://localhost:8123/whisper-probe.html:11
[     222ms] [LOG] [probe] cb download onnx/decoder_model_merged.onnx @ http://localhost:8123/whisper-probe.html:11
[     222ms] [LOG] [probe] cb progress_total  @ http://localhost:8123/whisper-probe.html:11
[     223ms] [LOG] [probe] progress onnx/encoder_model.onnx 0 @ http://localhost:8123/whisper-probe.html:11
[     223ms] [LOG] [probe] cb progress_total  @ http://localhost:8123/whisper-probe.html:11
[     223ms] [LOG] [probe] progress generation_config.json 100 @ http://localhost:8123/whisper-probe.html:11
[     223ms] [LOG] [probe] cb done generation_config.json @ http://localhost:8123/whisper-probe.html:11
[     224ms] [LOG] [probe] cb progress_total  @ http://localhost:8123/whisper-probe.html:11
[     224ms] [LOG] [probe] progress onnx/decoder_model_merged.onnx 0 @ http://localhost:8123/whisper-probe.html:11
[     224ms] [LOG] [probe] cb progress_total  @ http://localhost:8123/whisper-probe.html:11
[     224ms] [LOG] [probe] progress onnx/encoder_model.onnx 0 @ http://localhost:8123/whisper-probe.html:11
[     226ms] [LOG] [probe] cb progress_total  @ http://localhost:8123/whisper-probe.html:11
[     226ms] [LOG] [probe] progress onnx/decoder_model_merged.onnx 0 @ http://localhost:8123/whisper-probe.html:11
[     227ms] [LOG] [probe] cb progress_total  @ http://localhost:8123/whisper-probe.html:11
[     227ms] [LOG] [probe] progress onnx/encoder_model.onnx 0 @ http://localhost:8123/whisper-probe.html:11
[     230ms] [LOG] [probe] cb progress_total  @ http://localhost:8123/whisper-probe.html:11
[     230ms] [LOG] [probe] progress onnx/decoder_model_merged.onnx 0 @ http://localhost:8123/whisper-probe.html:11
[     231ms] [LOG] [probe] cb progress_total  @ http://localhost:8123/whisper-probe.html:11
[     234ms] [LOG] [probe] progress onnx/encoder_model.onnx 1 @ http://localhost:8123/whisper-probe.html:11
[     238ms] [LOG] [probe] cb progress_total  @ http://localhost:8123/whisper-probe.html:11
[     238ms] [LOG] [probe] progress onnx/decoder_model_merged.onnx 0 @ http://localhost:8123/whisper-probe.html:11
[     239ms] [LOG] [probe] cb progress_total  @ http://localhost:8123/whisper-probe.html:11
[     239ms] [LOG] [probe] progress onnx/decoder_model_merged.onnx 1 @ http://localhost:8123/whisper-probe.html:11
[     239ms] [LOG] [probe] cb progress_total  @ http://localhost:8123/whisper-probe.html:11
[     239ms] [LOG] [probe] progress onnx/decoder_model_merged.onnx 1 @ http://localhost:8123/whisper-probe.html:11
[     252ms] [LOG] [probe] cb progress_total  @ http://localhost:8123/whisper-probe.html:11
[     253ms] [LOG] [probe] progress onnx/encoder_model.onnx 2 @ http://localhost:8123/whisper-probe.html:11
[     261ms] [LOG] [probe] cb progress_total  @ http://localhost:8123/whisper-probe.html:11
[     261ms] [LOG] [probe] progress onnx/encoder_model.onnx 3 @ http://localhost:8123/whisper-probe.html:11
[     262ms] [LOG] [probe] cb progress_total  @ http://localhost:8123/whisper-probe.html:11
[     262ms] [LOG] [probe] progress onnx/encoder_model.onnx 3 @ http://localhost:8123/whisper-probe.html:11
[     262ms] [LOG] [probe] cb progress_total  @ http://localhost:8123/whisper-probe.html:11
[     262ms] [LOG] [probe] progress onnx/encoder_model.onnx 3 @ http://localhost:8123/whisper-probe.html:11
[     263ms] [LOG] [probe] cb progress_total  @ http://localhost:8123/whisper-probe.html:11
[     263ms] [LOG] [probe] progress onnx/encoder_model.onnx 4 @ http://localhost:8123/whisper-probe.html:11
[     272ms] [LOG] [probe] cb progress_total  @ http://localhost:8123/whisper-probe.html:11
[     273ms] [LOG] [probe] progress onnx/encoder_model.onnx 5 @ http://localhost:8123/whisper-probe.html:11
[     275ms] [LOG] [probe] cb progress_total  @ http://localhost:8123/whisper-probe.html:11
[     277ms] [LOG] [probe] progress onnx/encoder_model.onnx 6 @ http://localhost:8123/whisper-probe.html:11
[     277ms] [LOG] [probe] cb progress_total  @ http://localhost:8123/whisper-probe.html:11
[     278ms] [LOG] [probe] progress onnx/encoder_model.onnx 6 @ http://localhost:8123/whisper-probe.html:11
[     284ms] [LOG] [probe] cb progress_total  @ http://localhost:8123/whisper-probe.html:11
[     285ms] [LOG] [probe] progress onnx/decoder_model_merged.onnx 1 @ http://localhost:8123/whisper-probe.html:11
[     289ms] [LOG] [probe] cb progress_total  @ http://localhost:8123/whisper-probe.html:11
[     290ms] [LOG] [probe] progress onnx/decoder_model_merged.onnx 2 @ http://localhost:8123/whisper-probe.html:11
[     292ms] [LOG] [probe] cb progress_total  @ http://localhost:8123/whisper-probe.html:11
[     292ms] [LOG] [probe] progress onnx/decoder_model_merged.onnx 2 @ http://localhost:8123/whisper-probe.html:11
[     299ms] [LOG] [probe] cb progress_total  @ http://localhost:8123/whisper-probe.html:11
[     299ms] [LOG] [probe] progress onnx/decoder_model_merged.onnx 2 @ http://localhost:8123/whisper-probe.html:11
[     305ms] [LOG] [probe] cb progress_total  @ http://localhost:8123/whisper-probe.html:11
[     306ms] [LOG] [probe] progress onnx/decoder_model_merged.onnx 3 @ http://localhost:8123/whisper-probe.html:11
[     310ms] [LOG] [probe] cb progress_total  @ http://localhost:8123/whisper-probe.html:11
[     311ms] [LOG] [probe] progress onnx/encoder_model.onnx 8 @ http://localhost:8123/whisper-probe.html:11
[     317ms] [LOG] [probe] cb progress_total  @ http://localhost:8123/whisper-probe.html:11
[     317ms] [LOG] [probe] progress onnx/encoder_model.onnx 9 @ http://localhost:8123/whisper-probe.html:11
[     322ms] [LOG] [probe] cb progress_total  @ http://localhost:8123/whisper-probe.html:11
[     322ms] [LOG] [probe] progress onnx/encoder_model.onnx 10 @ http://localhost:8123/whisper-probe.html:11
[     323ms] [LOG] [probe] cb progress_total  @ http://localhost:8123/whisper-probe.html:11
[     323ms] [LOG] [probe] progress onnx/encoder_model.onnx 11 @ http://localhost:8123/whisper-probe.html:11
[     324ms] [LOG] [probe] cb progress_total  @ http://localhost:8123/whisper-probe.html:11
[     324ms] [LOG] [probe] progress onnx/encoder_model.onnx 12 @ http://localhost:8123/whisper-probe.html:11
[     325ms] [LOG] [probe] cb progress_total  @ http://localhost:8123/whisper-probe.html:11
[     325ms] [LOG] [probe] progress onnx/encoder_model.onnx 12 @ http://localhost:8123/whisper-probe.html:11
[     325ms] [LOG] [probe] cb progress_total  @ http://localhost:8123/whisper-probe.html:11
[     325ms] [LOG] [probe] progress onnx/encoder_model.onnx 12 @ http://localhost:8123/whisper-probe.html:11
[     330ms] [LOG] [probe] cb progress_total  @ http://localhost:8123/whisper-probe.html:11
[     331ms] [LOG] [probe] progress onnx/decoder_model_merged.onnx 3 @ http://localhost:8123/whisper-probe.html:11
[     334ms] [LOG] [probe] cb progress_total  @ http://localhost:8123/whisper-probe.html:11
[     334ms] [LOG] [probe] progress onnx/decoder_model_merged.onnx 4 @ http://localhost:8123/whisper-probe.html:11
[     335ms] [LOG] [probe] cb progress_total  @ http://localhost:8123/whisper-probe.html:11
[     335ms] [LOG] [probe] progress onnx/decoder_model_merged.onnx 4 @ http://localhost:8123/whisper-probe.html:11
[     335ms] [LOG] [probe] cb progress_total  @ http://localhost:8123/whisper-probe.html:11
[     336ms] [LOG] [probe] progress onnx/decoder_model_merged.onnx 4 @ http://localhost:8123/whisper-probe.html:11
[     336ms] [LOG] [probe] cb progress_total  @ http://localhost:8123/whisper-probe.html:11
[     337ms] [LOG] [probe] progress onnx/decoder_model_merged.onnx 4 @ http://localhost:8123/whisper-probe.html:11
[     343ms] [LOG] [probe] cb progress_total  @ http://localhost:8123/whisper-probe.html:11
[     343ms] [LOG] [probe] progress onnx/decoder_model_merged.onnx 5 @ http://localhost:8123/whisper-probe.html:11
[     344ms] [LOG] [probe] cb progress_total  @ http://localhost:8123/whisper-probe.html:11
[     344ms] [LOG] [probe] progress onnx/decoder_model_merged.onnx 5 @ http://localhost:8123/whisper-probe.html:11
[     344ms] [LOG] [probe] cb progress_total  @ http://localhost:8123/whisper-probe.html:11
[     345ms] [LOG] [probe] progress onnx/decoder_model_merged.onnx 5 @ http://localhost:8123/whisper-probe.html:11
[     349ms] [LOG] [probe] cb progress_total  @ http://localhost:8123/whisper-probe.html:11
[     349ms] [LOG] [probe] progress onnx/encoder_model.onnx 13 @ http://localhost:8123/whisper-probe.html:11
[     350ms] [LOG] [probe] cb progress_total  @ http://localhost:8123/whisper-probe.html:11
[     350ms] [LOG] [probe] progress onnx/encoder_model.onnx 14 @ http://localhost:8123/whisper-probe.html:11
[     431ms] [LOG] [probe] cb progress_total  @ http://localhost:8123/whisper-probe.html:11
[     432ms] [LOG] [probe] progress onnx/encoder_model.onnx 14 @ http://localhost:8123/whisper-probe.html:11
[     432ms] [LOG] [probe] cb progress_total  @ http://localhost:8123/whisper-probe.html:11
[     432ms] [LOG] [probe] progress onnx/encoder_model.onnx 14 @ http://localhost:8123/whisper-probe.html:11
[     436ms] [LOG] [probe] cb progress_total  @ http://localhost:8123/whisper-probe.html:11
[     437ms] [LOG] [probe] progress onnx/encoder_model.onnx 14 @ http://localhost:8123/whisper-probe.html:11
[     438ms] [LOG] [probe] cb progress_total  @ http://localhost:8123/whisper-probe.html:11
[     438ms] [LOG] [probe] progress onnx/encoder_model.onnx 15 @ http://localhost:8123/whisper-probe.html:11
[     438ms] [LOG] [probe] cb progress_total  @ http://localhost:8123/whisper-probe.html:11
[     438ms] [LOG] [probe] progress onnx/encoder_model.onnx 15 @ http://localhost:8123/whisper-probe.html:11
[     438ms] [LOG] [probe] cb progress_total  @ http://localhost:8123/whisper-probe.html:11
[     439ms] [LOG] [probe] progress onnx/encoder_model.onnx 15 @ http://localhost:8123/whisper-probe.html:11
[     439ms] [LOG] [probe] cb progress_total  @ http://localhost:8123/whisper-probe.html:11
[     439ms] [LOG] [probe] progress onnx/encoder_model.onnx 15 @ http://localhost:8123/whisper-probe.html:11
[     439ms] [LOG] [probe] cb progress_total  @ http://localhost:8123/whisper-probe.html:11
[     439ms] [LOG] [probe] progress onnx/encoder_model.onnx 16 @ http://localhost:8123/whisper-probe.html:11
[     439ms] [LOG] [probe] cb progress_total  @ http://localhost:8123/whisper-probe.html:11
[     439ms] [LOG] [probe] progress onnx/encoder_model.onnx 16 @ http://localhost:8123/whisper-probe.html:11
[     446ms] [LOG] [probe] cb progress_total  @ http://localhost:8123/whisper-probe.html:11
[     447ms] [LOG] [probe] progress onnx/encoder_model.onnx 17 @ http://localhost:8123/whisper-probe.html:11
[     448ms] [LOG] [probe] cb progress_total  @ http://localhost:8123/whisper-probe.html:11
[     448ms] [LOG] [probe] progress onnx/encoder_model.onnx 18 @ http://localhost:8123/whisper-probe.html:11
[     449ms] [LOG] [probe] cb progress_total  @ http://localhost:8123/whisper-probe.html:11
[     450ms] [LOG] [probe] progress onnx/encoder_model.onnx 19 @ http://localhost:8123/whisper-probe.html:11
[     450ms] [LOG] [probe] cb progress_total  @ http://localhost:8123/whisper-probe.html:11
[     450ms] [LOG] [probe] progress onnx/encoder_model.onnx 19 @ http://localhost:8123/whisper-probe.html:11
[     451ms] [LOG] [probe] cb progress_total  @ http://localhost:8123/whisper-probe.html:11
[     451ms] [LOG] [probe] progress onnx/encoder_model.onnx 19 @ http://localhost:8123/whisper-probe.html:11
[     451ms] [LOG] [probe] cb progress_total  @ http://localhost:8123/whisper-probe.html:11
[     451ms] [LOG] [probe] progress onnx/encoder_model.onnx 19 @ http://localhost:8123/whisper-probe.html:11
[     451ms] [LOG] [probe] cb progress_total  @ http://localhost:8123/whisper-probe.html:11
[     451ms] [LOG] [probe] progress onnx/encoder_model.onnx 19 @ http://localhost:8123/whisper-probe.html:11
[     454ms] [LOG] [probe] cb progress_total  @ http://localhost:8123/whisper-probe.html:11
[     454ms] [LOG] [probe] progress onnx/encoder_model.onnx 20 @ http://localhost:8123/whisper-probe.html:11
[     455ms] [LOG] [probe] cb progress_total  @ http://localhost:8123/whisper-probe.html:11
[     455ms] [LOG] [probe] progress onnx/encoder_model.onnx 21 @ http://localhost:8123/whisper-probe.html:11
[     458ms] [LOG] [probe] cb progress_total  @ http://localhost:8123/whisper-probe.html:11
[     458ms] [LOG] [probe] progress onnx/encoder_model.onnx 21 @ http://localhost:8123/whisper-probe.html:11
[     459ms] [LOG] [probe] cb progress_total  @ http://localhost:8123/whisper-probe.html:11
[     459ms] [LOG] [probe] progress onnx/encoder_model.onnx 21 @ http://localhost:8123/whisper-probe.html:11
[     460ms] [LOG] [probe] cb progress_total  @ http://localhost:8123/whisper-probe.html:11
[     461ms] [LOG] [probe] progress onnx/encoder_model.onnx 22 @ http://localhost:8123/whisper-probe.html:11
[     461ms] [LOG] [probe] cb progress_total  @ http://localhost:8123/whisper-probe.html:11
[     462ms] [LOG] [probe] progress onnx/encoder_model.onnx 22 @ http://localhost:8123/whisper-probe.html:11
[     463ms] [LOG] [probe] cb progress_total  @ http://localhost:8123/whisper-probe.html:11
[     464ms] [LOG] [probe] progress onnx/encoder_model.onnx 22 @ http://localhost:8123/whisper-probe.html:11
[     464ms] [LOG] [probe] cb progress_total  @ http://localhost:8123/whisper-probe.html:11
[     465ms] [LOG] [probe] progress onnx/encoder_model.onnx 22 @ http://localhost:8123/whisper-probe.html:11
[     465ms] [LOG] [probe] cb progress_total  @ http://localhost:8123/whisper-probe.html:11
[     465ms] [LOG] [probe] progress onnx/encoder_model.onnx 22 @ http://localhost:8123/whisper-probe.html:11
[     466ms] [LOG] [probe] cb progress_total  @ http://localhost:8123/whisper-probe.html:11
[     466ms] [LOG] [probe] progress onnx/encoder_model.onnx 22 @ http://localhost:8123/whisper-probe.html:11
[     467ms] [LOG] [probe] cb progress_total  @ http://localhost:8123/whisper-probe.html:11
[     467ms] [LOG] [probe] progress onnx/encoder_model.onnx 22 @ http://localhost:8123/whisper-probe.html:11
[     470ms] [LOG] [probe] cb progress_total  @ http://localhost:8123/whisper-probe.html:11
[     470ms] [LOG] [probe] progress onnx/encoder_model.onnx 22 @ http://localhost:8123/whisper-probe.html:11
[     473ms] [LOG] [probe] cb progress_total  @ http://localhost:8123/whisper-probe.html:11
[     474ms] [LOG] [probe] progress onnx/encoder_model.onnx 23 @ http://localhost:8123/whisper-probe.html:11
[     474ms] [LOG] [probe] cb progress_total  @ http://localhost:8123/whisper-probe.html:11
[     474ms] [LOG] [probe] progress onnx/encoder_model.onnx 23 @ http://localhost:8123/whisper-probe.html:11
[     475ms] [LOG] [probe] cb progress_total  @ http://localhost:8123/whisper-probe.html:11
[     475ms] [LOG] [probe] progress onnx/encoder_model.onnx 23 @ http://localhost:8123/whisper-probe.html:11
[     477ms] [LOG] [probe] cb progress_total  @ http://localhost:8123/whisper-probe.html:11
[     478ms] [LOG] [probe] progress onnx/decoder_model_merged.onnx 5 @ http://localhost:8123/whisper-probe.html:11
[     479ms] [LOG] [probe] cb progress_total  @ http://localhost:8123/whisper-probe.html:11
[     479ms] [LOG] [probe] progress onnx/decoder_model_merged.onnx 5 @ http://localhost:8123/whisper-probe.html:11
[     480ms] [LOG] [probe] cb progress_total  @ http://localhost:8123/whisper-probe.html:11
[     480ms] [LOG] [probe] progress onnx/decoder_model_merged.onnx 6 @ http://localhost:8123/whisper-probe.html:11
[     480ms] [LOG] [probe] cb progress_total  @ http://localhost:8123/whisper-probe.html:11
[     480ms] [LOG] [probe] progress onnx/decoder_model_merged.onnx 6 @ http://localhost:8123/whisper-probe.html:11
[     481ms] [LOG] [probe] cb progress_total  @ http://localhost:8123/whisper-probe.html:11
[     481ms] [LOG] [probe] progress onnx/encoder_model.onnx 23 @ http://localhost:8123/whisper-probe.html:11
[     487ms] [LOG] [probe] cb progress_total  @ http://localhost:8123/whisper-probe.html:11
[     487ms] [LOG] [probe] progress onnx/decoder_model_merged.onnx 6 @ http://localhost:8123/whisper-probe.html:11
[     491ms] [LOG] [probe] cb progress_total  @ http://localhost:8123/whisper-probe.html:11
[     492ms] [LOG] [probe] progress onnx/decoder_model_merged.onnx 7 @ http://localhost:8123/whisper-probe.html:11
[     492ms] [LOG] [probe] cb progress_total  @ http://localhost:8123/whisper-probe.html:11
[     492ms] [LOG] [probe] progress onnx/decoder_model_merged.onnx 7 @ http://localhost:8123/whisper-probe.html:11
[     493ms] [LOG] [probe] cb progress_total  @ http://localhost:8123/whisper-probe.html:11
[     493ms] [LOG] [probe] progress onnx/decoder_model_merged.onnx 7 @ http://localhost:8123/whisper-probe.html:11
[     493ms] [LOG] [probe] cb progress_total  @ http://localhost:8123/whisper-probe.html:11
[     493ms] [LOG] [probe] progress onnx/decoder_model_merged.onnx 7 @ http://localhost:8123/whisper-probe.html:11
[     498ms] [LOG] [probe] cb progress_total  @ http://localhost:8123/whisper-probe.html:11
[     498ms] [LOG] [probe] progress onnx/decoder_model_merged.onnx 7 @ http://localhost:8123/whisper-probe.html:11
[     500ms] [LOG] [probe] cb progress_total  @ http://localhost:8123/whisper-probe.html:11
[     501ms] [LOG] [probe] progress onnx/decoder_model_merged.onnx 8 @ http://localhost:8123/whisper-probe.html:11
[     502ms] [LOG] [probe] cb progress_total  @ http://localhost:8123/whisper-probe.html:11
[     502ms] [LOG] [probe] progress onnx/decoder_model_merged.onnx 8 @ http://localhost:8123/whisper-probe.html:11
[     503ms] [LOG] [probe] cb progress_total  @ http://localhost:8123/whisper-probe.html:11
[     503ms] [LOG] [probe] progress onnx/decoder_model_merged.onnx 8 @ http://localhost:8123/whisper-probe.html:11
[     507ms] [LOG] [probe] cb progress_total  @ http://localhost:8123/whisper-probe.html:11
[     507ms] [LOG] [probe] progress onnx/decoder_model_merged.onnx 9 @ http://localhost:8123/whisper-probe.html:11
[     508ms] [LOG] [probe] cb progress_total  @ http://localhost:8123/whisper-probe.html:11
[     508ms] [LOG] [probe] progress onnx/decoder_model_merged.onnx 9 @ http://localhost:8123/whisper-probe.html:11
[     508ms] [LOG] [probe] cb progress_total  @ http://localhost:8123/whisper-probe.html:11
[     508ms] [LOG] [probe] progress onnx/decoder_model_merged.onnx 9 @ http://localhost:8123/whisper-probe.html:11
[     516ms] [LOG] [probe] cb progress_total  @ http://localhost:8123/whisper-probe.html:11
[     516ms] [LOG] [probe] progress onnx/encoder_model.onnx 25 @ http://localhost:8123/whisper-probe.html:11
[     517ms] [LOG] [probe] cb progress_total  @ http://localhost:8123/whisper-probe.html:11
[     517ms] [LOG] [probe] progress onnx/encoder_model.onnx 26 @ http://localhost:8123/whisper-probe.html:11
[     518ms] [LOG] [probe] cb progress_total  @ http://localhost:8123/whisper-probe.html:11
[     518ms] [LOG] [probe] progress onnx/encoder_model.onnx 26 @ http://localhost:8123/whisper-probe.html:11
[     522ms] [LOG] [probe] cb progress_total  @ http://localhost:8123/whisper-probe.html:11
[     522ms] [LOG] [probe] progress onnx/decoder_model_merged.onnx 9 @ http://localhost:8123/whisper-probe.html:11
[     526ms] [LOG] [probe] cb progress_total  @ http://localhost:8123/whisper-probe.html:11
[     526ms] [LOG] [probe] progress onnx/decoder_model_merged.onnx 10 @ http://localhost:8123/whisper-probe.html:11
[     527ms] [LOG] [probe] cb progress_total  @ http://localhost:8123/whisper-probe.html:11
[     527ms] [LOG] [probe] progress onnx/decoder_model_merged.onnx 10 @ http://localhost:8123/whisper-probe.html:11
[     527ms] [LOG] [probe] cb progress_total  @ http://localhost:8123/whisper-probe.html:11
[     527ms] [LOG] [probe] progress onnx/decoder_model_merged.onnx 10 @ http://localhost:8123/whisper-probe.html:11
[     528ms] [LOG] [probe] cb progress_total  @ http://localhost:8123/whisper-probe.html:11
[     528ms] [LOG] [probe] progress onnx/decoder_model_merged.onnx 10 @ http://localhost:8123/whisper-probe.html:11
[     528ms] [LOG] [probe] cb progress_total  @ http://localhost:8123/whisper-probe.html:11
[     528ms] [LOG] [probe] progress onnx/encoder_model.onnx 26 @ http://localhost:8123/whisper-probe.html:11
[     554ms] [LOG] [probe] cb progress_total  @ http://localhost:8123/whisper-probe.html:11
[     554ms] [LOG] [probe] progress onnx/encoder_model.onnx 26 @ http://localhost:8123/whisper-probe.html:11
[     554ms] [LOG] [probe] cb progress_total  @ http://localhost:8123/whisper-probe.html:11
[     554ms] [LOG] [probe] progress onnx/encoder_model.onnx 26 @ http://localhost:8123/whisper-probe.html:11
[     555ms] [LOG] [probe] cb progress_total  @ http://localhost:8123/whisper-probe.html:11
[     555ms] [LOG] [probe] progress onnx/encoder_model.onnx 27 @ http://localhost:8123/whisper-probe.html:11
[     555ms] [LOG] [probe] cb progress_total  @ http://localhost:8123/whisper-probe.html:11
[     555ms] [LOG] [probe] progress onnx/decoder_model_merged.onnx 10 @ http://localhost:8123/whisper-probe.html:11
[     556ms] [LOG] [probe] cb progress_total  @ http://localhost:8123/whisper-probe.html:11
[     556ms] [LOG] [probe] progress onnx/encoder_model.onnx 27 @ http://localhost:8123/whisper-probe.html:11
[     556ms] [LOG] [probe] cb progress_total  @ http://localhost:8123/whisper-probe.html:11
[     556ms] [LOG] [probe] progress onnx/decoder_model_merged.onnx 10 @ http://localhost:8123/whisper-probe.html:11
[     557ms] [LOG] [probe] cb progress_total  @ http://localhost:8123/whisper-probe.html:11
[     557ms] [LOG] [probe] progress onnx/encoder_model.onnx 27 @ http://localhost:8123/whisper-probe.html:11
[     557ms] [LOG] [probe] cb progress_total  @ http://localhost:8123/whisper-probe.html:11
[     558ms] [LOG] [probe] progress onnx/decoder_model_merged.onnx 10 @ http://localhost:8123/whisper-probe.html:11
[     558ms] [LOG] [probe] cb progress_total  @ http://localhost:8123/whisper-probe.html:11
[     558ms] [LOG] [probe] progress onnx/encoder_model.onnx 27 @ http://localhost:8123/whisper-probe.html:11
[     560ms] [LOG] [probe] cb progress_total  @ http://localhost:8123/whisper-probe.html:11
[     560ms] [LOG] [probe] progress onnx/encoder_model.onnx 27 @ http://localhost:8123/whisper-probe.html:11
[     561ms] [LOG] [probe] cb progress_total  @ http://localhost:8123/whisper-probe.html:11
[     561ms] [LOG] [probe] progress onnx/decoder_model_merged.onnx 10 @ http://localhost:8123/whisper-probe.html:11
[     561ms] [LOG] [probe] cb progress_total  @ http://localhost:8123/whisper-probe.html:11
[     561ms] [LOG] [probe] progress onnx/decoder_model_merged.onnx 10 @ http://localhost:8123/whisper-probe.html:11
[     562ms] [LOG] [probe] cb progress_total  @ http://localhost:8123/whisper-probe.html:11
[     563ms] [LOG] [probe] progress onnx/encoder_model.onnx 27 @ http://localhost:8123/whisper-probe.html:11
[     563ms] [LOG] [probe] cb progress_total  @ http://localhost:8123/whisper-probe.html:11
[     563ms] [LOG] [probe] progress onnx/encoder_model.onnx 28 @ http://localhost:8123/whisper-probe.html:11
[     564ms] [LOG] [probe] cb progress_total  @ http://localhost:8123/whisper-probe.html:11
[     564ms] [LOG] [probe] progress onnx/decoder_model_merged.onnx 11 @ http://localhost:8123/whisper-probe.html:11
[     565ms] [LOG] [probe] cb progress_total  @ http://localhost:8123/whisper-probe.html:11
[     565ms] [LOG] [probe] progress onnx/decoder_model_merged.onnx 11 @ http://localhost:8123/whisper-probe.html:11
[     566ms] [LOG] [probe] cb progress_total  @ http://localhost:8123/whisper-probe.html:11
[     566ms] [LOG] [probe] progress onnx/decoder_model_merged.onnx 11 @ http://localhost:8123/whisper-probe.html:11
[     566ms] [LOG] [probe] cb progress_total  @ http://localhost:8123/whisper-probe.html:11
[     567ms] [LOG] [probe] progress onnx/decoder_model_merged.onnx 11 @ http://localhost:8123/whisper-probe.html:11
[     568ms] [LOG] [probe] cb progress_total  @ http://localhost:8123/whisper-probe.html:11
[     568ms] [LOG] [probe] progress onnx/encoder_model.onnx 28 @ http://localhost:8123/whisper-probe.html:11
[     569ms] [LOG] [probe] cb progress_total  @ http://localhost:8123/whisper-probe.html:11
[     569ms] [LOG] [probe] progress onnx/encoder_model.onnx 28 @ http://localhost:8123/whisper-probe.html:11
[     570ms] [LOG] [probe] cb progress_total  @ http://localhost:8123/whisper-probe.html:11
[     570ms] [LOG] [probe] progress onnx/encoder_model.onnx 29 @ http://localhost:8123/whisper-probe.html:11
[     571ms] [LOG] [probe] cb progress_total  @ http://localhost:8123/whisper-probe.html:11
[     571ms] [LOG] [probe] progress onnx/decoder_model_merged.onnx 11 @ http://localhost:8123/whisper-probe.html:11
[     572ms] [LOG] [probe] cb progress_total  @ http://localhost:8123/whisper-probe.html:11
[     573ms] [LOG] [probe] progress onnx/decoder_model_merged.onnx 11 @ http://localhost:8123/whisper-probe.html:11
[     574ms] [LOG] [probe] cb progress_total  @ http://localhost:8123/whisper-probe.html:11
[     575ms] [LOG] [probe] progress onnx/decoder_model_merged.onnx 11 @ http://localhost:8123/whisper-probe.html:11
[     575ms] [LOG] [probe] cb progress_total  @ http://localhost:8123/whisper-probe.html:11
[     576ms] [LOG] [probe] progress onnx/decoder_model_merged.onnx 11 @ http://localhost:8123/whisper-probe.html:11
[     576ms] [LOG] [probe] cb progress_total  @ http://localhost:8123/whisper-probe.html:11
[     576ms] [LOG] [probe] progress onnx/decoder_model_merged.onnx 11 @ http://localhost:8123/whisper-probe.html:11
[     577ms] [LOG] [probe] cb progress_total  @ http://localhost:8123/whisper-probe.html:11
[     577ms] [LOG] [probe] progress onnx/decoder_model_merged.onnx 11 @ http://localhost:8123/whisper-probe.html:11
[     577ms] [LOG] [probe] cb progress_total  @ http://localhost:8123/whisper-probe.html:11
[     577ms] [LOG] [probe] progress onnx/decoder_model_merged.onnx 11 @ http://localhost:8123/whisper-probe.html:11
[     580ms] [LOG] [probe] cb progress_total  @ http://localhost:8123/whisper-probe.html:11
[     580ms] [LOG] [probe] progress onnx/encoder_model.onnx 30 @ http://localhost:8123/whisper-probe.html:11
[     581ms] [LOG] [probe] cb progress_total  @ http://localhost:8123/whisper-probe.html:11
[     581ms] [LOG] [probe] progress onnx/decoder_model_merged.onnx 12 @ http://localhost:8123/whisper-probe.html:11
[     581ms] [LOG] [probe] cb progress_total  @ http://localhost:8123/whisper-probe.html:11
[     581ms] [LOG] [probe] progress onnx/decoder_model_merged.onnx 12 @ http://localhost:8123/whisper-probe.html:11
[     582ms] [LOG] [probe] cb progress_total  @ http://localhost:8123/whisper-probe.html:11
[     582ms] [LOG] [probe] progress onnx/decoder_model_merged.onnx 12 @ http://localhost:8123/whisper-probe.html:11
[     582ms] [LOG] [probe] cb progress_total  @ http://localhost:8123/whisper-probe.html:11
[     582ms] [LOG] [probe] progress onnx/decoder_model_merged.onnx 12 @ http://localhost:8123/whisper-probe.html:11
[     583ms] [LOG] [probe] cb progress_total  @ http://localhost:8123/whisper-probe.html:11
[     583ms] [LOG] [probe] progress onnx/encoder_model.onnx 31 @ http://localhost:8123/whisper-probe.html:11
[     585ms] [LOG] [probe] cb progress_total  @ http://localhost:8123/whisper-probe.html:11
[     586ms] [LOG] [probe] progress onnx/decoder_model_merged.onnx 12 @ http://localhost:8123/whisper-probe.html:11
[     586ms] [LOG] [probe] cb progress_total  @ http://localhost:8123/whisper-probe.html:11
[     586ms] [LOG] [probe] progress onnx/encoder_model.onnx 31 @ http://localhost:8123/whisper-probe.html:11
[     587ms] [LOG] [probe] cb progress_total  @ http://localhost:8123/whisper-probe.html:11
[     587ms] [LOG] [probe] progress onnx/encoder_model.onnx 31 @ http://localhost:8123/whisper-probe.html:11
[     587ms] [LOG] [probe] cb progress_total  @ http://localhost:8123/whisper-probe.html:11
[     587ms] [LOG] [probe] progress onnx/decoder_model_merged.onnx 12 @ http://localhost:8123/whisper-probe.html:11
[     588ms] [LOG] [probe] cb progress_total  @ http://localhost:8123/whisper-probe.html:11
[     588ms] [LOG] [probe] progress onnx/encoder_model.onnx 31 @ http://localhost:8123/whisper-probe.html:11
[     589ms] [LOG] [probe] cb progress_total  @ http://localhost:8123/whisper-probe.html:11
[     589ms] [LOG] [probe] progress onnx/decoder_model_merged.onnx 12 @ http://localhost:8123/whisper-probe.html:11
[     591ms] [LOG] [probe] cb progress_total  @ http://localhost:8123/whisper-probe.html:11
[     591ms] [LOG] [probe] progress onnx/decoder_model_merged.onnx 12 @ http://localhost:8123/whisper-probe.html:11
[     597ms] [LOG] [probe] cb progress_total  @ http://localhost:8123/whisper-probe.html:11
[     598ms] [LOG] [probe] progress onnx/decoder_model_merged.onnx 12 @ http://localhost:8123/whisper-probe.html:11
[     598ms] [LOG] [probe] cb progress_total  @ http://localhost:8123/whisper-probe.html:11
[     599ms] [LOG] [probe] progress onnx/encoder_model.onnx 31 @ http://localhost:8123/whisper-probe.html:11
[     599ms] [LOG] [probe] cb progress_total  @ http://localhost:8123/whisper-probe.html:11
[     599ms] [LOG] [probe] progress onnx/decoder_model_merged.onnx 12 @ http://localhost:8123/whisper-probe.html:11
[     613ms] [LOG] [probe] cb progress_total  @ http://localhost:8123/whisper-probe.html:11
[     613ms] [LOG] [probe] progress onnx/decoder_model_merged.onnx 12 @ http://localhost:8123/whisper-probe.html:11
[     614ms] [LOG] [probe] cb progress_total  @ http://localhost:8123/whisper-probe.html:11
[     614ms] [LOG] [probe] progress onnx/decoder_model_merged.onnx 12 @ http://localhost:8123/whisper-probe.html:11
[     615ms] [LOG] [probe] cb progress_total  @ http://localhost:8123/whisper-probe.html:11
[     615ms] [LOG] [probe] progress onnx/encoder_model.onnx 31 @ http://localhost:8123/whisper-probe.html:11
[     616ms] [LOG] [probe] cb progress_total  @ http://localhost:8123/whisper-probe.html:11
[     616ms] [LOG] [probe] progress onnx/decoder_model_merged.onnx 12 @ http://localhost:8123/whisper-probe.html:11
[     617ms] [LOG] [probe] cb progress_total  @ http://localhost:8123/whisper-probe.html:11
[     617ms] [LOG] [probe] progress onnx/decoder_model_merged.onnx 12 @ http://localhost:8123/whisper-probe.html:11
[     617ms] [LOG] [probe] cb progress_total  @ http://localhost:8123/whisper-probe.html:11
[     617ms] [LOG] [probe] progress onnx/encoder_model.onnx 31 @ http://localhost:8123/whisper-probe.html:11
[     621ms] [LOG] [probe] cb progress_total  @ http://localhost:8123/whisper-probe.html:11
[     621ms] [LOG] [probe] progress onnx/decoder_model_merged.onnx 12 @ http://localhost:8123/whisper-probe.html:11
[     622ms] [LOG] [probe] cb progress_total  @ http://localhost:8123/whisper-probe.html:11
[     622ms] [LOG] [probe] progress onnx/encoder_model.onnx 32 @ http://localhost:8123/whisper-probe.html:11
[     622ms] [LOG] [probe] cb progress_total  @ http://localhost:8123/whisper-probe.html:11
[     623ms] [LOG] [probe] progress onnx/decoder_model_merged.onnx 12 @ http://localhost:8123/whisper-probe.html:11
[     623ms] [LOG] [probe] cb progress_total  @ http://localhost:8123/whisper-probe.html:11
[     623ms] [LOG] [probe] progress onnx/decoder_model_merged.onnx 12 @ http://localhost:8123/whisper-probe.html:11
[     625ms] [LOG] [probe] cb progress_total  @ http://localhost:8123/whisper-probe.html:11
[     625ms] [LOG] [probe] progress onnx/encoder_model.onnx 32 @ http://localhost:8123/whisper-probe.html:11
[     625ms] [LOG] [probe] cb progress_total  @ http://localhost:8123/whisper-probe.html:11
[     625ms] [LOG] [probe] progress onnx/decoder_model_merged.onnx 12 @ http://localhost:8123/whisper-probe.html:11
[     626ms] [LOG] [probe] cb progress_total  @ http://localhost:8123/whisper-probe.html:11
[     626ms] [LOG] [probe] progress onnx/encoder_model.onnx 32 @ http://localhost:8123/whisper-probe.html:11
[     627ms] [LOG] [probe] cb progress_total  @ http://localhost:8123/whisper-probe.html:11
[     627ms] [LOG] [probe] progress onnx/decoder_model_merged.onnx 12 @ http://localhost:8123/whisper-probe.html:11
[     627ms] [LOG] [probe] cb progress_total  @ http://localhost:8123/whisper-probe.html:11
[     627ms] [LOG] [probe] progress onnx/encoder_model.onnx 32 @ http://localhost:8123/whisper-probe.html:11
[     628ms] [LOG] [probe] cb progress_total  @ http://localhost:8123/whisper-probe.html:11
[     628ms] [LOG] [probe] progress onnx/decoder_model_merged.onnx 12 @ http://localhost:8123/whisper-probe.html:11
[     628ms] [LOG] [probe] cb progress_total  @ http://localhost:8123/whisper-probe.html:11
[     628ms] [LOG] [probe] progress onnx/decoder_model_merged.onnx 12 @ http://localhost:8123/whisper-probe.html:11
[     629ms] [LOG] [probe] cb progress_total  @ http://localhost:8123/whisper-probe.html:11
[     629ms] [LOG] [probe] progress onnx/encoder_model.onnx 32 @ http://localhost:8123/whisper-probe.html:11
[     629ms] [LOG] [probe] cb progress_total  @ http://localhost:8123/whisper-probe.html:11
[     629ms] [LOG] [probe] progress onnx/decoder_model_merged.onnx 12 @ http://localhost:8123/whisper-probe.html:11
[     630ms] [LOG] [probe] cb progress_total  @ http://localhost:8123/whisper-probe.html:11
[     630ms] [LOG] [probe] progress onnx/decoder_model_merged.onnx 12 @ http://localhost:8123/whisper-probe.html:11
[     630ms] [LOG] [probe] cb progress_total  @ http://localhost:8123/whisper-probe.html:11
[     631ms] [LOG] [probe] progress onnx/encoder_model.onnx 33 @ http://localhost:8123/whisper-probe.html:11
[     632ms] [LOG] [probe] cb progress_total  @ http://localhost:8123/whisper-probe.html:11
[     633ms] [LOG] [probe] progress onnx/encoder_model.onnx 33 @ http://localhost:8123/whisper-probe.html:11
[     634ms] [LOG] [probe] cb progress_total  @ http://localhost:8123/whisper-probe.html:11
[     634ms] [LOG] [probe] progress onnx/encoder_model.onnx 33 @ http://localhost:8123/whisper-probe.html:11
[     637ms] [LOG] [probe] cb progress_total  @ http://localhost:8123/whisper-probe.html:11
[     637ms] [LOG] [probe] progress onnx/decoder_model_merged.onnx 13 @ http://localhost:8123/whisper-probe.html:11
[     638ms] [LOG] [probe] cb progress_total  @ http://localhost:8123/whisper-probe.html:11
[     638ms] [LOG] [probe] progress onnx/decoder_model_merged.onnx 13 @ http://localhost:8123/whisper-probe.html:11
[     639ms] [LOG] [probe] cb progress_total  @ http://localhost:8123/whisper-probe.html:11
[     639ms] [LOG] [probe] progress onnx/decoder_model_merged.onnx 13 @ http://localhost:8123/whisper-probe.html:11
[     641ms] [LOG] [probe] cb progress_total  @ http://localhost:8123/whisper-probe.html:11
[     641ms] [LOG] [probe] progress onnx/decoder_model_merged.onnx 13 @ http://localhost:8123/whisper-probe.html:11
[     643ms] [LOG] [probe] cb progress_total  @ http://localhost:8123/whisper-probe.html:11
[     644ms] [LOG] [probe] progress onnx/decoder_model_merged.onnx 13 @ http://localhost:8123/whisper-probe.html:11
[     649ms] [LOG] [probe] cb progress_total  @ http://localhost:8123/whisper-probe.html:11
[     649ms] [LOG] [probe] progress onnx/encoder_model.onnx 33 @ http://localhost:8123/whisper-probe.html:11
[     653ms] [LOG] [probe] cb progress_total  @ http://localhost:8123/whisper-probe.html:11
[     654ms] [LOG] [probe] progress onnx/encoder_model.onnx 35 @ http://localhost:8123/whisper-probe.html:11
[     655ms] [LOG] [probe] cb progress_total  @ http://localhost:8123/whisper-probe.html:11
[     655ms] [LOG] [probe] progress onnx/encoder_model.onnx 35 @ http://localhost:8123/whisper-probe.html:11
[     656ms] [LOG] [probe] cb progress_total  @ http://localhost:8123/whisper-probe.html:11
[     656ms] [LOG] [probe] progress onnx/encoder_model.onnx 36 @ http://localhost:8123/whisper-probe.html:11
[     657ms] [LOG] [probe] cb progress_total  @ http://localhost:8123/whisper-probe.html:11
[     657ms] [LOG] [probe] progress onnx/encoder_model.onnx 36 @ http://localhost:8123/whisper-probe.html:11
[     657ms] [LOG] [probe] cb progress_total  @ http://localhost:8123/whisper-probe.html:11
[     657ms] [LOG] [probe] progress onnx/encoder_model.onnx 36 @ http://localhost:8123/whisper-probe.html:11
[     661ms] [LOG] [probe] cb progress_total  @ http://localhost:8123/whisper-probe.html:11
[     661ms] [LOG] [probe] progress onnx/encoder_model.onnx 37 @ http://localhost:8123/whisper-probe.html:11
[     661ms] [LOG] [probe] cb progress_total  @ http://localhost:8123/whisper-probe.html:11
[     662ms] [LOG] [probe] progress onnx/encoder_model.onnx 37 @ http://localhost:8123/whisper-probe.html:11
[     667ms] [LOG] [probe] cb progress_total  @ http://localhost:8123/whisper-probe.html:11
[     667ms] [LOG] [probe] progress onnx/decoder_model_merged.onnx 14 @ http://localhost:8123/whisper-probe.html:11
[     668ms] [LOG] [probe] cb progress_total  @ http://localhost:8123/whisper-probe.html:11
[     668ms] [LOG] [probe] progress onnx/decoder_model_merged.onnx 14 @ http://localhost:8123/whisper-probe.html:11
[     682ms] [LOG] [probe] cb progress_total  @ http://localhost:8123/whisper-probe.html:11
[     682ms] [LOG] [probe] progress onnx/encoder_model.onnx 37 @ http://localhost:8123/whisper-probe.html:11
[     682ms] [LOG] [probe] cb progress_total  @ http://localhost:8123/whisper-probe.html:11
[     683ms] [LOG] [probe] progress onnx/encoder_model.onnx 37 @ http://localhost:8123/whisper-probe.html:11
[     684ms] [LOG] [probe] cb progress_total  @ http://localhost:8123/whisper-probe.html:11
[     684ms] [LOG] [probe] progress onnx/encoder_model.onnx 38 @ http://localhost:8123/whisper-probe.html:11
[     686ms] [LOG] [probe] cb progress_total  @ http://localhost:8123/whisper-probe.html:11
[     686ms] [LOG] [probe] progress onnx/encoder_model.onnx 38 @ http://localhost:8123/whisper-probe.html:11
[     691ms] [LOG] [probe] cb progress_total  @ http://localhost:8123/whisper-probe.html:11
[     692ms] [LOG] [probe] progress onnx/encoder_model.onnx 38 @ http://localhost:8123/whisper-probe.html:11
[     692ms] [LOG] [probe] cb progress_total  @ http://localhost:8123/whisper-probe.html:11
[     693ms] [LOG] [probe] progress onnx/encoder_model.onnx 39 @ http://localhost:8123/whisper-probe.html:11
[     693ms] [LOG] [probe] cb progress_total  @ http://localhost:8123/whisper-probe.html:11
[     693ms] [LOG] [probe] progress onnx/encoder_model.onnx 39 @ http://localhost:8123/whisper-probe.html:11
[     694ms] [LOG] [probe] cb progress_total  @ http://localhost:8123/whisper-probe.html:11
[     694ms] [LOG] [probe] progress onnx/encoder_model.onnx 39 @ http://localhost:8123/whisper-probe.html:11
[     695ms] [LOG] [probe] cb progress_total  @ http://localhost:8123/whisper-probe.html:11
[     696ms] [LOG] [probe] progress onnx/encoder_model.onnx 39 @ http://localhost:8123/whisper-probe.html:11
[     700ms] [LOG] [probe] cb progress_total  @ http://localhost:8123/whisper-probe.html:11
[     701ms] [LOG] [probe] progress onnx/encoder_model.onnx 40 @ http://localhost:8123/whisper-probe.html:11
[     707ms] [LOG] [probe] cb progress_total  @ http://localhost:8123/whisper-probe.html:11
[     707ms] [LOG] [probe] progress onnx/decoder_model_merged.onnx 15 @ http://localhost:8123/whisper-probe.html:11
[     709ms] [LOG] [probe] cb progress_total  @ http://localhost:8123/whisper-probe.html:11
[     709ms] [LOG] [probe] progress onnx/encoder_model.onnx 40 @ http://localhost:8123/whisper-probe.html:11
[     714ms] [LOG] [probe] cb progress_total  @ http://localhost:8123/whisper-probe.html:11
[     714ms] [LOG] [probe] progress onnx/encoder_model.onnx 41 @ http://localhost:8123/whisper-probe.html:11
[     715ms] [LOG] [probe] cb progress_total  @ http://localhost:8123/whisper-probe.html:11
[     715ms] [LOG] [probe] progress onnx/encoder_model.onnx 41 @ http://localhost:8123/whisper-probe.html:11
[     717ms] [LOG] [probe] cb progress_total  @ http://localhost:8123/whisper-probe.html:11
[     717ms] [LOG] [probe] progress onnx/encoder_model.onnx 41 @ http://localhost:8123/whisper-probe.html:11
[     719ms] [LOG] [probe] cb progress_total  @ http://localhost:8123/whisper-probe.html:11
[     719ms] [LOG] [probe] progress onnx/encoder_model.onnx 42 @ http://localhost:8123/whisper-probe.html:11
[     727ms] [LOG] [probe] cb progress_total  @ http://localhost:8123/whisper-probe.html:11
[     727ms] [LOG] [probe] progress onnx/encoder_model.onnx 43 @ http://localhost:8123/whisper-probe.html:11
[     730ms] [LOG] [probe] cb progress_total  @ http://localhost:8123/whisper-probe.html:11
[     730ms] [LOG] [probe] progress onnx/encoder_model.onnx 44 @ http://localhost:8123/whisper-probe.html:11
[     740ms] [LOG] [probe] cb progress_total  @ http://localhost:8123/whisper-probe.html:11
[     740ms] [LOG] [probe] progress onnx/decoder_model_merged.onnx 15 @ http://localhost:8123/whisper-probe.html:11
[     743ms] [LOG] [probe] cb progress_total  @ http://localhost:8123/whisper-probe.html:11
[     744ms] [LOG] [probe] progress onnx/decoder_model_merged.onnx 16 @ http://localhost:8123/whisper-probe.html:11
[     744ms] [LOG] [probe] cb progress_total  @ http://localhost:8123/whisper-probe.html:11
[     745ms] [LOG] [probe] progress onnx/decoder_model_merged.onnx 16 @ http://localhost:8123/whisper-probe.html:11
[     745ms] [LOG] [probe] cb progress_total  @ http://localhost:8123/whisper-probe.html:11
[     746ms] [LOG] [probe] progress onnx/decoder_model_merged.onnx 16 @ http://localhost:8123/whisper-probe.html:11
[     752ms] [LOG] [probe] cb progress_total  @ http://localhost:8123/whisper-probe.html:11
[     752ms] [LOG] [probe] progress onnx/encoder_model.onnx 45 @ http://localhost:8123/whisper-probe.html:11
[     761ms] [LOG] [probe] cb progress_total  @ http://localhost:8123/whisper-probe.html:11
[     761ms] [LOG] [probe] progress onnx/decoder_model_merged.onnx 17 @ http://localhost:8123/whisper-probe.html:11
[     763ms] [LOG] [probe] cb progress_total  @ http://localhost:8123/whisper-probe.html:11
[     763ms] [LOG] [probe] progress onnx/decoder_model_merged.onnx 17 @ http://localhost:8123/whisper-probe.html:11
[     777ms] [LOG] [probe] cb progress_total  @ http://localhost:8123/whisper-probe.html:11
[     777ms] [LOG] [probe] progress onnx/encoder_model.onnx 45 @ http://localhost:8123/whisper-probe.html:11
[     778ms] [LOG] [probe] cb progress_total  @ http://localhost:8123/whisper-probe.html:11
[     778ms] [LOG] [probe] progress onnx/encoder_model.onnx 46 @ http://localhost:8123/whisper-probe.html:11
[     778ms] [LOG] [probe] cb progress_total  @ http://localhost:8123/whisper-probe.html:11
[     779ms] [LOG] [probe] progress onnx/decoder_model_merged.onnx 18 @ http://localhost:8123/whisper-probe.html:11
[     780ms] [LOG] [probe] cb progress_total  @ http://localhost:8123/whisper-probe.html:11
[     781ms] [LOG] [probe] progress onnx/encoder_model.onnx 46 @ http://localhost:8123/whisper-probe.html:11
[     847ms] [LOG] [probe] cb progress_total  @ http://localhost:8123/whisper-probe.html:11
[     847ms] [LOG] [probe] progress onnx/encoder_model.onnx 46 @ http://localhost:8123/whisper-probe.html:11
[     850ms] [LOG] [probe] cb progress_total  @ http://localhost:8123/whisper-probe.html:11
[     851ms] [LOG] [probe] progress onnx/decoder_model_merged.onnx 18 @ http://localhost:8123/whisper-probe.html:11
[     852ms] [LOG] [probe] cb progress_total  @ http://localhost:8123/whisper-probe.html:11
[     853ms] [LOG] [probe] progress onnx/encoder_model.onnx 46 @ http://localhost:8123/whisper-probe.html:11
[     853ms] [LOG] [probe] cb progress_total  @ http://localhost:8123/whisper-probe.html:11
[     854ms] [LOG] [probe] progress onnx/encoder_model.onnx 46 @ http://localhost:8123/whisper-probe.html:11
[     854ms] [LOG] [probe] cb progress_total  @ http://localhost:8123/whisper-probe.html:11
[     854ms] [LOG] [probe] progress onnx/encoder_model.onnx 46 @ http://localhost:8123/whisper-probe.html:11
[     855ms] [LOG] [probe] cb progress_total  @ http://localhost:8123/whisper-probe.html:11
[     855ms] [LOG] [probe] progress onnx/decoder_model_merged.onnx 18 @ http://localhost:8123/whisper-probe.html:11
[     884ms] [LOG] [probe] cb progress_total  @ http://localhost:8123/whisper-probe.html:11
[     885ms] [LOG] [probe] progress onnx/decoder_model_merged.onnx 18 @ http://localhost:8123/whisper-probe.html:11
[     888ms] [LOG] [probe] cb progress_total  @ http://localhost:8123/whisper-probe.html:11
[     888ms] [LOG] [probe] progress onnx/encoder_model.onnx 46 @ http://localhost:8123/whisper-probe.html:11
[     888ms] [LOG] [probe] cb progress_total  @ http://localhost:8123/whisper-probe.html:11
[     889ms] [LOG] [probe] progress onnx/encoder_model.onnx 46 @ http://localhost:8123/whisper-probe.html:11
[     889ms] [LOG] [probe] cb progress_total  @ http://localhost:8123/whisper-probe.html:11
[     889ms] [LOG] [probe] progress onnx/encoder_model.onnx 47 @ http://localhost:8123/whisper-probe.html:11
[     894ms] [LOG] [probe] cb progress_total  @ http://localhost:8123/whisper-probe.html:11
[     895ms] [LOG] [probe] progress onnx/decoder_model_merged.onnx 18 @ http://localhost:8123/whisper-probe.html:11
[     896ms] [LOG] [probe] cb progress_total  @ http://localhost:8123/whisper-probe.html:11
[     897ms] [LOG] [probe] progress onnx/decoder_model_merged.onnx 18 @ http://localhost:8123/whisper-probe.html:11
[     898ms] [LOG] [probe] cb progress_total  @ http://localhost:8123/whisper-probe.html:11
[     898ms] [LOG] [probe] progress onnx/decoder_model_merged.onnx 18 @ http://localhost:8123/whisper-probe.html:11
[     904ms] [LOG] [probe] cb progress_total  @ http://localhost:8123/whisper-probe.html:11
[     904ms] [LOG] [probe] progress onnx/decoder_model_merged.onnx 19 @ http://localhost:8123/whisper-probe.html:11
[     905ms] [LOG] [probe] cb progress_total  @ http://localhost:8123/whisper-probe.html:11
[     905ms] [LOG] [probe] progress onnx/decoder_model_merged.onnx 19 @ http://localhost:8123/whisper-probe.html:11
[     910ms] [LOG] [probe] cb progress_total  @ http://localhost:8123/whisper-probe.html:11
[     910ms] [LOG] [probe] progress onnx/encoder_model.onnx 48 @ http://localhost:8123/whisper-probe.html:11
[     911ms] [LOG] [probe] cb progress_total  @ http://localhost:8123/whisper-probe.html:11
[     912ms] [LOG] [probe] progress onnx/encoder_model.onnx 49 @ http://localhost:8123/whisper-probe.html:11
[     914ms] [LOG] [probe] cb progress_total  @ http://localhost:8123/whisper-probe.html:11
[     914ms] [LOG] [probe] progress onnx/decoder_model_merged.onnx 19 @ http://localhost:8123/whisper-probe.html:11
[     924ms] [LOG] [probe] cb progress_total  @ http://localhost:8123/whisper-probe.html:11
[     924ms] [LOG] [probe] progress onnx/decoder_model_merged.onnx 19 @ http://localhost:8123/whisper-probe.html:11
[     924ms] [LOG] [probe] cb progress_total  @ http://localhost:8123/whisper-probe.html:11
[     925ms] [LOG] [probe] progress onnx/decoder_model_merged.onnx 19 @ http://localhost:8123/whisper-probe.html:11
[     929ms] [LOG] [probe] cb progress_total  @ http://localhost:8123/whisper-probe.html:11
[     929ms] [LOG] [probe] progress onnx/decoder_model_merged.onnx 19 @ http://localhost:8123/whisper-probe.html:11
[     931ms] [LOG] [probe] cb progress_total  @ http://localhost:8123/whisper-probe.html:11
[     931ms] [LOG] [probe] progress onnx/decoder_model_merged.onnx 19 @ http://localhost:8123/whisper-probe.html:11
[     933ms] [LOG] [probe] cb progress_total  @ http://localhost:8123/whisper-probe.html:11
[     934ms] [LOG] [probe] progress onnx/encoder_model.onnx 49 @ http://localhost:8123/whisper-probe.html:11
[     935ms] [LOG] [probe] cb progress_total  @ http://localhost:8123/whisper-probe.html:11
[     935ms] [LOG] [probe] progress onnx/decoder_model_merged.onnx 19 @ http://localhost:8123/whisper-probe.html:11
[     936ms] [LOG] [probe] cb progress_total  @ http://localhost:8123/whisper-probe.html:11
[     936ms] [LOG] [probe] progress onnx/encoder_model.onnx 50 @ http://localhost:8123/whisper-probe.html:11
[     937ms] [LOG] [probe] cb progress_total  @ http://localhost:8123/whisper-probe.html:11
[     937ms] [LOG] [probe] progress onnx/encoder_model.onnx 50 @ http://localhost:8123/whisper-probe.html:11
[     940ms] [LOG] [probe] cb progress_total  @ http://localhost:8123/whisper-probe.html:11
[     940ms] [LOG] [probe] progress onnx/decoder_model_merged.onnx 20 @ http://localhost:8123/whisper-probe.html:11
[     941ms] [LOG] [probe] cb progress_total  @ http://localhost:8123/whisper-probe.html:11
[     941ms] [LOG] [probe] progress onnx/decoder_model_merged.onnx 20 @ http://localhost:8123/whisper-probe.html:11
[     944ms] [LOG] [probe] cb progress_total  @ http://localhost:8123/whisper-probe.html:11
[     944ms] [LOG] [probe] progress onnx/encoder_model.onnx 50 @ http://localhost:8123/whisper-probe.html:11
[     945ms] [LOG] [probe] cb progress_total  @ http://localhost:8123/whisper-probe.html:11
[     945ms] [LOG] [probe] progress onnx/encoder_model.onnx 51 @ http://localhost:8123/whisper-probe.html:11
[     946ms] [LOG] [probe] cb progress_total  @ http://localhost:8123/whisper-probe.html:11
[     946ms] [LOG] [probe] progress onnx/encoder_model.onnx 51 @ http://localhost:8123/whisper-probe.html:11
[     946ms] [LOG] [probe] cb progress_total  @ http://localhost:8123/whisper-probe.html:11
[     946ms] [LOG] [probe] progress onnx/encoder_model.onnx 51 @ http://localhost:8123/whisper-probe.html:11
[     947ms] [LOG] [probe] cb progress_total  @ http://localhost:8123/whisper-probe.html:11
[     947ms] [LOG] [probe] progress onnx/encoder_model.onnx 51 @ http://localhost:8123/whisper-probe.html:11
[     948ms] [LOG] [probe] cb progress_total  @ http://localhost:8123/whisper-probe.html:11
[     948ms] [LOG] [probe] progress onnx/encoder_model.onnx 51 @ http://localhost:8123/whisper-probe.html:11
[     948ms] [LOG] [probe] cb progress_total  @ http://localhost:8123/whisper-probe.html:11
[     948ms] [LOG] [probe] progress onnx/encoder_model.onnx 51 @ http://localhost:8123/whisper-probe.html:11
[     952ms] [LOG] [probe] cb progress_total  @ http://localhost:8123/whisper-probe.html:11
[     952ms] [LOG] [probe] progress onnx/decoder_model_merged.onnx 20 @ http://localhost:8123/whisper-probe.html:11
[     959ms] [LOG] [probe] cb progress_total  @ http://localhost:8123/whisper-probe.html:11
[     959ms] [LOG] [probe] progress onnx/encoder_model.onnx 51 @ http://localhost:8123/whisper-probe.html:11
[     960ms] [LOG] [probe] cb progress_total  @ http://localhost:8123/whisper-probe.html:11
[     960ms] [LOG] [probe] progress onnx/decoder_model_merged.onnx 20 @ http://localhost:8123/whisper-probe.html:11
[     961ms] [LOG] [probe] cb progress_total  @ http://localhost:8123/whisper-probe.html:11
[     961ms] [LOG] [probe] progress onnx/encoder_model.onnx 51 @ http://localhost:8123/whisper-probe.html:11
[     961ms] [LOG] [probe] cb progress_total  @ http://localhost:8123/whisper-probe.html:11
[     962ms] [LOG] [probe] progress onnx/encoder_model.onnx 51 @ http://localhost:8123/whisper-probe.html:11
[     963ms] [LOG] [probe] cb progress_total  @ http://localhost:8123/whisper-probe.html:11
[     964ms] [LOG] [probe] progress onnx/encoder_model.onnx 52 @ http://localhost:8123/whisper-probe.html:11
[     964ms] [LOG] [probe] cb progress_total  @ http://localhost:8123/whisper-probe.html:11
[     965ms] [LOG] [probe] progress onnx/encoder_model.onnx 52 @ http://localhost:8123/whisper-probe.html:11
[     967ms] [LOG] [probe] cb progress_total  @ http://localhost:8123/whisper-probe.html:11
[     967ms] [LOG] [probe] progress onnx/decoder_model_merged.onnx 20 @ http://localhost:8123/whisper-probe.html:11
[     968ms] [LOG] [probe] cb progress_total  @ http://localhost:8123/whisper-probe.html:11
[     968ms] [LOG] [probe] progress onnx/encoder_model.onnx 52 @ http://localhost:8123/whisper-probe.html:11
[     969ms] [LOG] [probe] cb progress_total  @ http://localhost:8123/whisper-probe.html:11
[     969ms] [LOG] [probe] progress onnx/encoder_model.onnx 52 @ http://localhost:8123/whisper-probe.html:11
[     971ms] [LOG] [probe] cb progress_total  @ http://localhost:8123/whisper-probe.html:11
[     971ms] [LOG] [probe] progress onnx/decoder_model_merged.onnx 21 @ http://localhost:8123/whisper-probe.html:11
[     971ms] [LOG] [probe] cb progress_total  @ http://localhost:8123/whisper-probe.html:11
[     972ms] [LOG] [probe] progress onnx/encoder_model.onnx 53 @ http://localhost:8123/whisper-probe.html:11
[     972ms] [LOG] [probe] cb progress_total  @ http://localhost:8123/whisper-probe.html:11
[     972ms] [LOG] [probe] progress onnx/decoder_model_merged.onnx 21 @ http://localhost:8123/whisper-probe.html:11
[     973ms] [LOG] [probe] cb progress_total  @ http://localhost:8123/whisper-probe.html:11
[     973ms] [LOG] [probe] progress onnx/encoder_model.onnx 53 @ http://localhost:8123/whisper-probe.html:11
[     974ms] [LOG] [probe] cb progress_total  @ http://localhost:8123/whisper-probe.html:11
[     974ms] [LOG] [probe] progress onnx/encoder_model.onnx 53 @ http://localhost:8123/whisper-probe.html:11
[     975ms] [LOG] [probe] cb progress_total  @ http://localhost:8123/whisper-probe.html:11
[     975ms] [LOG] [probe] progress onnx/encoder_model.onnx 53 @ http://localhost:8123/whisper-probe.html:11
[     975ms] [LOG] [probe] cb progress_total  @ http://localhost:8123/whisper-probe.html:11
[     976ms] [LOG] [probe] progress onnx/decoder_model_merged.onnx 21 @ http://localhost:8123/whisper-probe.html:11
[     977ms] [LOG] [probe] cb progress_total  @ http://localhost:8123/whisper-probe.html:11
[     977ms] [LOG] [probe] progress onnx/encoder_model.onnx 53 @ http://localhost:8123/whisper-probe.html:11
[     978ms] [LOG] [probe] cb progress_total  @ http://localhost:8123/whisper-probe.html:11
[     978ms] [LOG] [probe] progress onnx/decoder_model_merged.onnx 21 @ http://localhost:8123/whisper-probe.html:11
[     979ms] [LOG] [probe] cb progress_total  @ http://localhost:8123/whisper-probe.html:11
[     979ms] [LOG] [probe] progress onnx/encoder_model.onnx 53 @ http://localhost:8123/whisper-probe.html:11
[     979ms] [LOG] [probe] cb progress_total  @ http://localhost:8123/whisper-probe.html:11
[     979ms] [LOG] [probe] progress onnx/encoder_model.onnx 54 @ http://localhost:8123/whisper-probe.html:11
[     980ms] [LOG] [probe] cb progress_total  @ http://localhost:8123/whisper-probe.html:11
[     980ms] [LOG] [probe] progress onnx/encoder_model.onnx 54 @ http://localhost:8123/whisper-probe.html:11
[     981ms] [LOG] [probe] cb progress_total  @ http://localhost:8123/whisper-probe.html:11
[     981ms] [LOG] [probe] progress onnx/decoder_model_merged.onnx 21 @ http://localhost:8123/whisper-probe.html:11
[     983ms] [LOG] [probe] cb progress_total  @ http://localhost:8123/whisper-probe.html:11
[     983ms] [LOG] [probe] progress onnx/decoder_model_merged.onnx 21 @ http://localhost:8123/whisper-probe.html:11
[     983ms] [LOG] [probe] cb progress_total  @ http://localhost:8123/whisper-probe.html:11
[     983ms] [LOG] [probe] progress onnx/decoder_model_merged.onnx 21 @ http://localhost:8123/whisper-probe.html:11
[     984ms] [LOG] [probe] cb progress_total  @ http://localhost:8123/whisper-probe.html:11
[     984ms] [LOG] [probe] progress onnx/encoder_model.onnx 54 @ http://localhost:8123/whisper-probe.html:11
[     984ms] [LOG] [probe] cb progress_total  @ http://localhost:8123/whisper-probe.html:11
[     984ms] [LOG] [probe] progress onnx/encoder_model.onnx 54 @ http://localhost:8123/whisper-probe.html:11
[     987ms] [LOG] [probe] cb progress_total  @ http://localhost:8123/whisper-probe.html:11
[     987ms] [LOG] [probe] progress onnx/decoder_model_merged.onnx 21 @ http://localhost:8123/whisper-probe.html:11
[     988ms] [LOG] [probe] cb progress_total  @ http://localhost:8123/whisper-probe.html:11
[     988ms] [LOG] [probe] progress onnx/encoder_model.onnx 55 @ http://localhost:8123/whisper-probe.html:11
[     989ms] [LOG] [probe] cb progress_total  @ http://localhost:8123/whisper-probe.html:11
[     989ms] [LOG] [probe] progress onnx/decoder_model_merged.onnx 21 @ http://localhost:8123/whisper-probe.html:11
[     990ms] [LOG] [probe] cb progress_total  @ http://localhost:8123/whisper-probe.html:11
[     990ms] [LOG] [probe] progress onnx/encoder_model.onnx 55 @ http://localhost:8123/whisper-probe.html:11
[     991ms] [LOG] [probe] cb progress_total  @ http://localhost:8123/whisper-probe.html:11
[     991ms] [LOG] [probe] progress onnx/encoder_model.onnx 55 @ http://localhost:8123/whisper-probe.html:11
[     992ms] [LOG] [probe] cb progress_total  @ http://localhost:8123/whisper-probe.html:11
[     993ms] [LOG] [probe] progress onnx/decoder_model_merged.onnx 21 @ http://localhost:8123/whisper-probe.html:11
[     993ms] [LOG] [probe] cb progress_total  @ http://localhost:8123/whisper-probe.html:11
[     993ms] [LOG] [probe] progress onnx/decoder_model_merged.onnx 22 @ http://localhost:8123/whisper-probe.html:11
[     994ms] [LOG] [probe] cb progress_total  @ http://localhost:8123/whisper-probe.html:11
[     994ms] [LOG] [probe] progress onnx/decoder_model_merged.onnx 22 @ http://localhost:8123/whisper-probe.html:11
[     995ms] [LOG] [probe] cb progress_total  @ http://localhost:8123/whisper-probe.html:11
[     995ms] [LOG] [probe] progress onnx/encoder_model.onnx 56 @ http://localhost:8123/whisper-probe.html:11
[     996ms] [LOG] [probe] cb progress_total  @ http://localhost:8123/whisper-probe.html:11
[     996ms] [LOG] [probe] progress onnx/encoder_model.onnx 56 @ http://localhost:8123/whisper-probe.html:11
[     996ms] [LOG] [probe] cb progress_total  @ http://localhost:8123/whisper-probe.html:11
[     996ms] [LOG] [probe] progress onnx/encoder_model.onnx 56 @ http://localhost:8123/whisper-probe.html:11
[     997ms] [LOG] [probe] cb progress_total  @ http://localhost:8123/whisper-probe.html:11
[     997ms] [LOG] [probe] progress onnx/encoder_model.onnx 56 @ http://localhost:8123/whisper-probe.html:11
[     999ms] [LOG] [probe] cb progress_total  @ http://localhost:8123/whisper-probe.html:11
[     999ms] [LOG] [probe] progress onnx/decoder_model_merged.onnx 22 @ http://localhost:8123/whisper-probe.html:11
[    1000ms] [LOG] [probe] cb progress_total  @ http://localhost:8123/whisper-probe.html:11
[    1000ms] [LOG] [probe] progress onnx/decoder_model_merged.onnx 22 @ http://localhost:8123/whisper-probe.html:11
[    1000ms] [LOG] [probe] cb progress_total  @ http://localhost:8123/whisper-probe.html:11
[    1001ms] [LOG] [probe] progress onnx/decoder_model_merged.onnx 22 @ http://localhost:8123/whisper-probe.html:11
[    1002ms] [LOG] [probe] cb progress_total  @ http://localhost:8123/whisper-probe.html:11
[    1003ms] [LOG] [probe] progress onnx/decoder_model_merged.onnx 22 @ http://localhost:8123/whisper-probe.html:11
[    1004ms] [LOG] [probe] cb progress_total  @ http://localhost:8123/whisper-probe.html:11
[    1004ms] [LOG] [probe] progress onnx/decoder_model_merged.onnx 22 @ http://localhost:8123/whisper-probe.html:11
[    1006ms] [LOG] [probe] cb progress_total  @ http://localhost:8123/whisper-probe.html:11
[    1006ms] [LOG] [probe] progress onnx/decoder_model_merged.onnx 22 @ http://localhost:8123/whisper-probe.html:11
[    1013ms] [LOG] [probe] cb progress_total  @ http://localhost:8123/whisper-probe.html:11
[    1013ms] [LOG] [probe] progress onnx/encoder_model.onnx 58 @ http://localhost:8123/whisper-probe.html:11
[    1017ms] [LOG] [probe] cb progress_total  @ http://localhost:8123/whisper-probe.html:11
[    1017ms] [LOG] [probe] progress onnx/encoder_model.onnx 58 @ http://localhost:8123/whisper-probe.html:11
[    1017ms] [LOG] [probe] cb progress_total  @ http://localhost:8123/whisper-probe.html:11
[    1018ms] [LOG] [probe] progress onnx/encoder_model.onnx 59 @ http://localhost:8123/whisper-probe.html:11
[    1027ms] [LOG] [probe] cb progress_total  @ http://localhost:8123/whisper-probe.html:11
[    1028ms] [LOG] [probe] progress onnx/encoder_model.onnx 60 @ http://localhost:8123/whisper-probe.html:11
[    1049ms] [LOG] [probe] cb progress_total  @ http://localhost:8123/whisper-probe.html:11
[    1053ms] [LOG] [probe] progress onnx/encoder_model.onnx 61 @ http://localhost:8123/whisper-probe.html:11
[    1054ms] [LOG] [probe] cb progress_total  @ http://localhost:8123/whisper-probe.html:11
[    1054ms] [LOG] [probe] progress onnx/encoder_model.onnx 62 @ http://localhost:8123/whisper-probe.html:11
[    1055ms] [LOG] [probe] cb progress_total  @ http://localhost:8123/whisper-probe.html:11
[    1055ms] [LOG] [probe] progress onnx/encoder_model.onnx 63 @ http://localhost:8123/whisper-probe.html:11
[    1055ms] [LOG] [probe] cb progress_total  @ http://localhost:8123/whisper-probe.html:11
[    1055ms] [LOG] [probe] progress onnx/encoder_model.onnx 63 @ http://localhost:8123/whisper-probe.html:11
[    1062ms] [LOG] [probe] cb progress_total  @ http://localhost:8123/whisper-probe.html:11
[    1062ms] [LOG] [probe] progress onnx/encoder_model.onnx 64 @ http://localhost:8123/whisper-probe.html:11
[    1064ms] [LOG] [probe] cb progress_total  @ http://localhost:8123/whisper-probe.html:11
[    1065ms] [LOG] [probe] progress onnx/encoder_model.onnx 65 @ http://localhost:8123/whisper-probe.html:11
[    1066ms] [LOG] [probe] cb progress_total  @ http://localhost:8123/whisper-probe.html:11
[    1066ms] [LOG] [probe] progress onnx/encoder_model.onnx 66 @ http://localhost:8123/whisper-probe.html:11
[    1066ms] [LOG] [probe] cb progress_total  @ http://localhost:8123/whisper-probe.html:11
[    1066ms] [LOG] [probe] progress onnx/encoder_model.onnx 66 @ http://localhost:8123/whisper-probe.html:11
[    1074ms] [LOG] [probe] cb progress_total  @ http://localhost:8123/whisper-probe.html:11
[    1074ms] [LOG] [probe] progress onnx/decoder_model_merged.onnx 23 @ http://localhost:8123/whisper-probe.html:11
[    1074ms] [LOG] [probe] cb progress_total  @ http://localhost:8123/whisper-probe.html:11
[    1075ms] [LOG] [probe] progress onnx/decoder_model_merged.onnx 23 @ http://localhost:8123/whisper-probe.html:11
[    1076ms] [LOG] [probe] cb progress_total  @ http://localhost:8123/whisper-probe.html:11
[    1076ms] [LOG] [probe] progress onnx/decoder_model_merged.onnx 24 @ http://localhost:8123/whisper-probe.html:11
[    1076ms] [LOG] [probe] cb progress_total  @ http://localhost:8123/whisper-probe.html:11
[    1077ms] [LOG] [probe] progress onnx/decoder_model_merged.onnx 24 @ http://localhost:8123/whisper-probe.html:11
[    1077ms] [LOG] [probe] cb progress_total  @ http://localhost:8123/whisper-probe.html:11
[    1078ms] [LOG] [probe] progress onnx/decoder_model_merged.onnx 24 @ http://localhost:8123/whisper-probe.html:11
[    1080ms] [LOG] [probe] cb progress_total  @ http://localhost:8123/whisper-probe.html:11
[    1080ms] [LOG] [probe] progress onnx/decoder_model_merged.onnx 24 @ http://localhost:8123/whisper-probe.html:11
[    1083ms] [LOG] [probe] cb progress_total  @ http://localhost:8123/whisper-probe.html:11
[    1083ms] [LOG] [probe] progress onnx/decoder_model_merged.onnx 25 @ http://localhost:8123/whisper-probe.html:11
[    1083ms] [LOG] [probe] cb progress_total  @ http://localhost:8123/whisper-probe.html:11
[    1083ms] [LOG] [probe] progress onnx/decoder_model_merged.onnx 25 @ http://localhost:8123/whisper-probe.html:11
[    1085ms] [LOG] [probe] cb progress_total  @ http://localhost:8123/whisper-probe.html:11
[    1085ms] [LOG] [probe] progress onnx/decoder_model_merged.onnx 25 @ http://localhost:8123/whisper-probe.html:11
[    1086ms] [LOG] [probe] cb progress_total  @ http://localhost:8123/whisper-probe.html:11
[    1086ms] [LOG] [probe] progress onnx/decoder_model_merged.onnx 25 @ http://localhost:8123/whisper-probe.html:11
[    1088ms] [LOG] [probe] cb progress_total  @ http://localhost:8123/whisper-probe.html:11
[    1088ms] [LOG] [probe] progress onnx/decoder_model_merged.onnx 26 @ http://localhost:8123/whisper-probe.html:11
[    1092ms] [LOG] [probe] cb progress_total  @ http://localhost:8123/whisper-probe.html:11
[    1092ms] [LOG] [probe] progress onnx/decoder_model_merged.onnx 26 @ http://localhost:8123/whisper-probe.html:11
[    1096ms] [LOG] [probe] cb progress_total  @ http://localhost:8123/whisper-probe.html:11
[    1096ms] [LOG] [probe] progress onnx/encoder_model.onnx 69 @ http://localhost:8123/whisper-probe.html:11
[    1100ms] [LOG] [probe] cb progress_total  @ http://localhost:8123/whisper-probe.html:11
[    1100ms] [LOG] [probe] progress onnx/encoder_model.onnx 70 @ http://localhost:8123/whisper-probe.html:11
[    1101ms] [LOG] [probe] cb progress_total  @ http://localhost:8123/whisper-probe.html:11
[    1101ms] [LOG] [probe] progress onnx/encoder_model.onnx 70 @ http://localhost:8123/whisper-probe.html:11
[    1101ms] [LOG] [probe] cb progress_total  @ http://localhost:8123/whisper-probe.html:11
[    1102ms] [LOG] [probe] progress onnx/encoder_model.onnx 70 @ http://localhost:8123/whisper-probe.html:11
[    1105ms] [LOG] [probe] cb progress_total  @ http://localhost:8123/whisper-probe.html:11
[    1105ms] [LOG] [probe] progress onnx/encoder_model.onnx 71 @ http://localhost:8123/whisper-probe.html:11
[    1106ms] [LOG] [probe] cb progress_total  @ http://localhost:8123/whisper-probe.html:11
[    1106ms] [LOG] [probe] progress onnx/encoder_model.onnx 72 @ http://localhost:8123/whisper-probe.html:11
[    1106ms] [LOG] [probe] cb progress_total  @ http://localhost:8123/whisper-probe.html:11
[    1106ms] [LOG] [probe] progress onnx/encoder_model.onnx 72 @ http://localhost:8123/whisper-probe.html:11
[    1107ms] [LOG] [probe] cb progress_total  @ http://localhost:8123/whisper-probe.html:11
[    1107ms] [LOG] [probe] progress onnx/encoder_model.onnx 72 @ http://localhost:8123/whisper-probe.html:11
[    1110ms] [LOG] [probe] cb progress_total  @ http://localhost:8123/whisper-probe.html:11
[    1110ms] [LOG] [probe] progress onnx/encoder_model.onnx 73 @ http://localhost:8123/whisper-probe.html:11
[    1111ms] [LOG] [probe] cb progress_total  @ http://localhost:8123/whisper-probe.html:11
[    1111ms] [LOG] [probe] progress onnx/encoder_model.onnx 73 @ http://localhost:8123/whisper-probe.html:11
[    1119ms] [LOG] [probe] cb progress_total  @ http://localhost:8123/whisper-probe.html:11
[    1120ms] [LOG] [probe] progress onnx/decoder_model_merged.onnx 26 @ http://localhost:8123/whisper-probe.html:11
[    1123ms] [LOG] [probe] cb progress_total  @ http://localhost:8123/whisper-probe.html:11
[    1123ms] [LOG] [probe] progress onnx/decoder_model_merged.onnx 27 @ http://localhost:8123/whisper-probe.html:11
[    1124ms] [LOG] [probe] cb progress_total  @ http://localhost:8123/whisper-probe.html:11
[    1124ms] [LOG] [probe] progress onnx/decoder_model_merged.onnx 27 @ http://localhost:8123/whisper-probe.html:11
[    1125ms] [LOG] [probe] cb progress_total  @ http://localhost:8123/whisper-probe.html:11
[    1125ms] [LOG] [probe] progress onnx/decoder_model_merged.onnx 27 @ http://localhost:8123/whisper-probe.html:11
[    1130ms] [LOG] [probe] cb progress_total  @ http://localhost:8123/whisper-probe.html:11
[    1130ms] [LOG] [probe] progress onnx/decoder_model_merged.onnx 28 @ http://localhost:8123/whisper-probe.html:11
[    1130ms] [LOG] [probe] cb progress_total  @ http://localhost:8123/whisper-probe.html:11
[    1130ms] [LOG] [probe] progress onnx/decoder_model_merged.onnx 28 @ http://localhost:8123/whisper-probe.html:11
[    1132ms] [LOG] [probe] cb progress_total  @ http://localhost:8123/whisper-probe.html:11
[    1132ms] [LOG] [probe] progress onnx/decoder_model_merged.onnx 28 @ http://localhost:8123/whisper-probe.html:11
[    1135ms] [LOG] [probe] cb progress_total  @ http://localhost:8123/whisper-probe.html:11
[    1135ms] [LOG] [probe] progress onnx/decoder_model_merged.onnx 29 @ http://localhost:8123/whisper-probe.html:11
[    1136ms] [LOG] [probe] cb progress_total  @ http://localhost:8123/whisper-probe.html:11
[    1136ms] [LOG] [probe] progress onnx/decoder_model_merged.onnx 29 @ http://localhost:8123/whisper-probe.html:11
[    1139ms] [LOG] [probe] cb progress_total  @ http://localhost:8123/whisper-probe.html:11
[    1140ms] [LOG] [probe] progress onnx/decoder_model_merged.onnx 29 @ http://localhost:8123/whisper-probe.html:11
[    1140ms] [LOG] [probe] cb progress_total  @ http://localhost:8123/whisper-probe.html:11
[    1141ms] [LOG] [probe] progress onnx/decoder_model_merged.onnx 29 @ http://localhost:8123/whisper-probe.html:11
[    1141ms] [LOG] [probe] cb progress_total  @ http://localhost:8123/whisper-probe.html:11
[    1141ms] [LOG] [probe] progress onnx/decoder_model_merged.onnx 29 @ http://localhost:8123/whisper-probe.html:11
[    1141ms] [LOG] [probe] cb progress_total  @ http://localhost:8123/whisper-probe.html:11
[    1142ms] [LOG] [probe] progress onnx/decoder_model_merged.onnx 29 @ http://localhost:8123/whisper-probe.html:11
[    1142ms] [LOG] [probe] cb progress_total  @ http://localhost:8123/whisper-probe.html:11
[    1142ms] [LOG] [probe] progress onnx/decoder_model_merged.onnx 29 @ http://localhost:8123/whisper-probe.html:11
[    1143ms] [LOG] [probe] cb progress_total  @ http://localhost:8123/whisper-probe.html:11
[    1144ms] [LOG] [probe] progress onnx/decoder_model_merged.onnx 29 @ http://localhost:8123/whisper-probe.html:11
[    1145ms] [LOG] [probe] cb progress_total  @ http://localhost:8123/whisper-probe.html:11
[    1145ms] [LOG] [probe] progress onnx/decoder_model_merged.onnx 30 @ http://localhost:8123/whisper-probe.html:11
[    1146ms] [LOG] [probe] cb progress_total  @ http://localhost:8123/whisper-probe.html:11
[    1147ms] [LOG] [probe] progress onnx/decoder_model_merged.onnx 30 @ http://localhost:8123/whisper-probe.html:11
[    1153ms] [LOG] [probe] cb progress_total  @ http://localhost:8123/whisper-probe.html:11
[    1153ms] [LOG] [probe] progress onnx/encoder_model.onnx 74 @ http://localhost:8123/whisper-probe.html:11
[    1157ms] [LOG] [probe] cb progress_total  @ http://localhost:8123/whisper-probe.html:11
[    1157ms] [LOG] [probe] progress onnx/encoder_model.onnx 76 @ http://localhost:8123/whisper-probe.html:11
[    1158ms] [LOG] [probe] cb progress_total  @ http://localhost:8123/whisper-probe.html:11
[    1158ms] [LOG] [probe] progress onnx/encoder_model.onnx 76 @ http://localhost:8123/whisper-probe.html:11
[    1158ms] [LOG] [probe] cb progress_total  @ http://localhost:8123/whisper-probe.html:11
[    1158ms] [LOG] [probe] progress onnx/encoder_model.onnx 76 @ http://localhost:8123/whisper-probe.html:11
[    1161ms] [LOG] [probe] cb progress_total  @ http://localhost:8123/whisper-probe.html:11
[    1161ms] [LOG] [probe] progress onnx/encoder_model.onnx 76 @ http://localhost:8123/whisper-probe.html:11
[    1164ms] [LOG] [probe] cb progress_total  @ http://localhost:8123/whisper-probe.html:11
[    1164ms] [LOG] [probe] progress onnx/encoder_model.onnx 78 @ http://localhost:8123/whisper-probe.html:11
[    1169ms] [LOG] [probe] cb progress_total  @ http://localhost:8123/whisper-probe.html:11
[    1170ms] [LOG] [probe] progress onnx/decoder_model_merged.onnx 30 @ http://localhost:8123/whisper-probe.html:11
[    1174ms] [LOG] [probe] cb progress_total  @ http://localhost:8123/whisper-probe.html:11
[    1174ms] [LOG] [probe] progress onnx/decoder_model_merged.onnx 31 @ http://localhost:8123/whisper-probe.html:11
[    1175ms] [LOG] [probe] cb progress_total  @ http://localhost:8123/whisper-probe.html:11
[    1175ms] [LOG] [probe] progress onnx/decoder_model_merged.onnx 31 @ http://localhost:8123/whisper-probe.html:11
[    1176ms] [LOG] [probe] cb progress_total  @ http://localhost:8123/whisper-probe.html:11
[    1176ms] [LOG] [probe] progress onnx/decoder_model_merged.onnx 31 @ http://localhost:8123/whisper-probe.html:11
[    1181ms] [LOG] [probe] cb progress_total  @ http://localhost:8123/whisper-probe.html:11
[    1182ms] [LOG] [probe] progress onnx/decoder_model_merged.onnx 31 @ http://localhost:8123/whisper-probe.html:11
[    1185ms] [LOG] [probe] cb progress_total  @ http://localhost:8123/whisper-probe.html:11
[    1185ms] [LOG] [probe] progress onnx/decoder_model_merged.onnx 32 @ http://localhost:8123/whisper-probe.html:11
[    1187ms] [LOG] [probe] cb progress_total  @ http://localhost:8123/whisper-probe.html:11
[    1187ms] [LOG] [probe] progress onnx/decoder_model_merged.onnx 32 @ http://localhost:8123/whisper-probe.html:11
[    1187ms] [LOG] [probe] cb progress_total  @ http://localhost:8123/whisper-probe.html:11
[    1188ms] [LOG] [probe] progress onnx/decoder_model_merged.onnx 32 @ http://localhost:8123/whisper-probe.html:11
[    1189ms] [LOG] [probe] cb progress_total  @ http://localhost:8123/whisper-probe.html:11
[    1189ms] [LOG] [probe] progress onnx/decoder_model_merged.onnx 32 @ http://localhost:8123/whisper-probe.html:11
[    1189ms] [LOG] [probe] cb progress_total  @ http://localhost:8123/whisper-probe.html:11
[    1189ms] [LOG] [probe] progress onnx/decoder_model_merged.onnx 32 @ http://localhost:8123/whisper-probe.html:11
[    1195ms] [LOG] [probe] cb progress_total  @ http://localhost:8123/whisper-probe.html:11
[    1195ms] [LOG] [probe] progress onnx/decoder_model_merged.onnx 33 @ http://localhost:8123/whisper-probe.html:11
[    1196ms] [LOG] [probe] cb progress_total  @ http://localhost:8123/whisper-probe.html:11
[    1196ms] [LOG] [probe] progress onnx/decoder_model_merged.onnx 33 @ http://localhost:8123/whisper-probe.html:11
[    1198ms] [LOG] [probe] cb progress_total  @ http://localhost:8123/whisper-probe.html:11
[    1199ms] [LOG] [probe] progress onnx/decoder_model_merged.onnx 34 @ http://localhost:8123/whisper-probe.html:11
[    1200ms] [LOG] [probe] cb progress_total  @ http://localhost:8123/whisper-probe.html:11
[    1200ms] [LOG] [probe] progress onnx/decoder_model_merged.onnx 34 @ http://localhost:8123/whisper-probe.html:11
[    1200ms] [LOG] [probe] cb progress_total  @ http://localhost:8123/whisper-probe.html:11
[    1200ms] [LOG] [probe] progress onnx/decoder_model_merged.onnx 34 @ http://localhost:8123/whisper-probe.html:11
[    1201ms] [LOG] [probe] cb progress_total  @ http://localhost:8123/whisper-probe.html:11
[    1201ms] [LOG] [probe] progress onnx/decoder_model_merged.onnx 34 @ http://localhost:8123/whisper-probe.html:11
[    1201ms] [LOG] [probe] cb progress_total  @ http://localhost:8123/whisper-probe.html:11
[    1201ms] [LOG] [probe] progress onnx/decoder_model_merged.onnx 34 @ http://localhost:8123/whisper-probe.html:11
[    1203ms] [LOG] [probe] cb progress_total  @ http://localhost:8123/whisper-probe.html:11
[    1203ms] [LOG] [probe] progress onnx/decoder_model_merged.onnx 34 @ http://localhost:8123/whisper-probe.html:11
[    1203ms] [LOG] [probe] cb progress_total  @ http://localhost:8123/whisper-probe.html:11
[    1204ms] [LOG] [probe] progress onnx/decoder_model_merged.onnx 34 @ http://localhost:8123/whisper-probe.html:11
[    1250ms] [LOG] [probe] cb progress_total  @ http://localhost:8123/whisper-probe.html:11
[    1250ms] [LOG] [probe] progress onnx/decoder_model_merged.onnx 34 @ http://localhost:8123/whisper-probe.html:11
[    1252ms] [LOG] [probe] cb progress_total  @ http://localhost:8123/whisper-probe.html:11
[    1252ms] [LOG] [probe] progress onnx/decoder_model_merged.onnx 35 @ http://localhost:8123/whisper-probe.html:11
[    1252ms] [LOG] [probe] cb progress_total  @ http://localhost:8123/whisper-probe.html:11
[    1252ms] [LOG] [probe] progress onnx/decoder_model_merged.onnx 35 @ http://localhost:8123/whisper-probe.html:11
[    1253ms] [LOG] [probe] cb progress_total  @ http://localhost:8123/whisper-probe.html:11
[    1253ms] [LOG] [probe] progress onnx/decoder_model_merged.onnx 35 @ http://localhost:8123/whisper-probe.html:11
[    1254ms] [LOG] [probe] cb progress_total  @ http://localhost:8123/whisper-probe.html:11
[    1254ms] [LOG] [probe] progress onnx/decoder_model_merged.onnx 35 @ http://localhost:8123/whisper-probe.html:11
[    1254ms] [LOG] [probe] cb progress_total  @ http://localhost:8123/whisper-probe.html:11
[    1254ms] [LOG] [probe] progress onnx/decoder_model_merged.onnx 35 @ http://localhost:8123/whisper-probe.html:11
[    1258ms] [LOG] [probe] cb progress_total  @ http://localhost:8123/whisper-probe.html:11
[    1259ms] [LOG] [probe] progress onnx/encoder_model.onnx 79 @ http://localhost:8123/whisper-probe.html:11
[    1261ms] [LOG] [probe] cb progress_total  @ http://localhost:8123/whisper-probe.html:11
[    1261ms] [LOG] [probe] progress onnx/encoder_model.onnx 81 @ http://localhost:8123/whisper-probe.html:11
[    1262ms] [LOG] [probe] cb progress_total  @ http://localhost:8123/whisper-probe.html:11
[    1264ms] [LOG] [probe] progress onnx/encoder_model.onnx 81 @ http://localhost:8123/whisper-probe.html:11
[    1268ms] [LOG] [probe] cb progress_total  @ http://localhost:8123/whisper-probe.html:11
[    1268ms] [LOG] [probe] progress onnx/encoder_model.onnx 83 @ http://localhost:8123/whisper-probe.html:11
[    1269ms] [LOG] [probe] cb progress_total  @ http://localhost:8123/whisper-probe.html:11
[    1269ms] [LOG] [probe] progress onnx/encoder_model.onnx 84 @ http://localhost:8123/whisper-probe.html:11
[    1269ms] [LOG] [probe] cb progress_total  @ http://localhost:8123/whisper-probe.html:11
[    1269ms] [LOG] [probe] progress onnx/encoder_model.onnx 84 @ http://localhost:8123/whisper-probe.html:11
[    1270ms] [LOG] [probe] cb progress_total  @ http://localhost:8123/whisper-probe.html:11
[    1271ms] [LOG] [probe] progress onnx/encoder_model.onnx 84 @ http://localhost:8123/whisper-probe.html:11
[    1272ms] [LOG] [probe] cb progress_total  @ http://localhost:8123/whisper-probe.html:11
[    1272ms] [LOG] [probe] progress onnx/encoder_model.onnx 85 @ http://localhost:8123/whisper-probe.html:11
[    1275ms] [LOG] [probe] cb progress_total  @ http://localhost:8123/whisper-probe.html:11
[    1275ms] [LOG] [probe] progress onnx/decoder_model_merged.onnx 35 @ http://localhost:8123/whisper-probe.html:11
[    1277ms] [LOG] [probe] cb progress_total  @ http://localhost:8123/whisper-probe.html:11
[    1277ms] [LOG] [probe] progress onnx/decoder_model_merged.onnx 36 @ http://localhost:8123/whisper-probe.html:11
[    1282ms] [LOG] [probe] cb progress_total  @ http://localhost:8123/whisper-probe.html:11
[    1282ms] [LOG] [probe] progress onnx/encoder_model.onnx 86 @ http://localhost:8123/whisper-probe.html:11
[    1284ms] [LOG] [probe] cb progress_total  @ http://localhost:8123/whisper-probe.html:11
[    1284ms] [LOG] [probe] progress onnx/encoder_model.onnx 88 @ http://localhost:8123/whisper-probe.html:11
[    1287ms] [LOG] [probe] cb progress_total  @ http://localhost:8123/whisper-probe.html:11
[    1287ms] [LOG] [probe] progress onnx/encoder_model.onnx 88 @ http://localhost:8123/whisper-probe.html:11
[    1287ms] [LOG] [probe] cb progress_total  @ http://localhost:8123/whisper-probe.html:11
[    1287ms] [LOG] [probe] progress onnx/encoder_model.onnx 88 @ http://localhost:8123/whisper-probe.html:11
[    1290ms] [LOG] [probe] cb progress_total  @ http://localhost:8123/whisper-probe.html:11
[    1290ms] [LOG] [probe] progress onnx/encoder_model.onnx 89 @ http://localhost:8123/whisper-probe.html:11
[    1292ms] [LOG] [probe] cb progress_total  @ http://localhost:8123/whisper-probe.html:11
[    1293ms] [LOG] [probe] progress onnx/encoder_model.onnx 91 @ http://localhost:8123/whisper-probe.html:11
[    1293ms] [LOG] [probe] cb progress_total  @ http://localhost:8123/whisper-probe.html:11
[    1293ms] [LOG] [probe] progress onnx/encoder_model.onnx 91 @ http://localhost:8123/whisper-probe.html:11
[    1304ms] [LOG] [probe] cb progress_total  @ http://localhost:8123/whisper-probe.html:11
[    1305ms] [LOG] [probe] progress onnx/encoder_model.onnx 91 @ http://localhost:8123/whisper-probe.html:11
[    1305ms] [LOG] [probe] cb progress_total  @ http://localhost:8123/whisper-probe.html:11
[    1305ms] [LOG] [probe] progress onnx/encoder_model.onnx 91 @ http://localhost:8123/whisper-probe.html:11
[    1306ms] [LOG] [probe] cb progress_total  @ http://localhost:8123/whisper-probe.html:11
[    1306ms] [LOG] [probe] progress onnx/decoder_model_merged.onnx 36 @ http://localhost:8123/whisper-probe.html:11
[    1306ms] [LOG] [probe] cb progress_total  @ http://localhost:8123/whisper-probe.html:11
[    1306ms] [LOG] [probe] progress onnx/decoder_model_merged.onnx 36 @ http://localhost:8123/whisper-probe.html:11
[    1308ms] [LOG] [probe] cb progress_total  @ http://localhost:8123/whisper-probe.html:11
[    1308ms] [LOG] [probe] progress onnx/encoder_model.onnx 92 @ http://localhost:8123/whisper-probe.html:11
[    1310ms] [LOG] [probe] cb progress_total  @ http://localhost:8123/whisper-probe.html:11
[    1310ms] [LOG] [probe] progress onnx/encoder_model.onnx 92 @ http://localhost:8123/whisper-probe.html:11
[    1311ms] [LOG] [probe] cb progress_total  @ http://localhost:8123/whisper-probe.html:11
[    1312ms] [LOG] [probe] progress onnx/decoder_model_merged.onnx 36 @ http://localhost:8123/whisper-probe.html:11
[    1312ms] [LOG] [probe] cb progress_total  @ http://localhost:8123/whisper-probe.html:11
[    1312ms] [LOG] [probe] progress onnx/decoder_model_merged.onnx 36 @ http://localhost:8123/whisper-probe.html:11
[    1314ms] [LOG] [probe] cb progress_total  @ http://localhost:8123/whisper-probe.html:11
[    1314ms] [LOG] [probe] progress onnx/encoder_model.onnx 92 @ http://localhost:8123/whisper-probe.html:11
[    1315ms] [LOG] [probe] cb progress_total  @ http://localhost:8123/whisper-probe.html:11
[    1315ms] [LOG] [probe] progress onnx/encoder_model.onnx 92 @ http://localhost:8123/whisper-probe.html:11
[    1315ms] [LOG] [probe] cb progress_total  @ http://localhost:8123/whisper-probe.html:11
[    1315ms] [LOG] [probe] progress onnx/encoder_model.onnx 92 @ http://localhost:8123/whisper-probe.html:11
[    1316ms] [LOG] [probe] cb progress_total  @ http://localhost:8123/whisper-probe.html:11
[    1316ms] [LOG] [probe] progress onnx/encoder_model.onnx 93 @ http://localhost:8123/whisper-probe.html:11
[    1317ms] [LOG] [probe] cb progress_total  @ http://localhost:8123/whisper-probe.html:11
[    1317ms] [LOG] [probe] progress onnx/decoder_model_merged.onnx 36 @ http://localhost:8123/whisper-probe.html:11
[    1318ms] [LOG] [probe] cb progress_total  @ http://localhost:8123/whisper-probe.html:11
[    1318ms] [LOG] [probe] progress onnx/decoder_model_merged.onnx 36 @ http://localhost:8123/whisper-probe.html:11
[    1318ms] [LOG] [probe] cb progress_total  @ http://localhost:8123/whisper-probe.html:11
[    1319ms] [LOG] [probe] progress onnx/decoder_model_merged.onnx 36 @ http://localhost:8123/whisper-probe.html:11
[    1320ms] [LOG] [probe] cb progress_total  @ http://localhost:8123/whisper-probe.html:11
[    1320ms] [LOG] [probe] progress onnx/decoder_model_merged.onnx 37 @ http://localhost:8123/whisper-probe.html:11
[    1321ms] [LOG] [probe] cb progress_total  @ http://localhost:8123/whisper-probe.html:11
[    1321ms] [LOG] [probe] progress onnx/decoder_model_merged.onnx 37 @ http://localhost:8123/whisper-probe.html:11
[    1322ms] [LOG] [probe] cb progress_total  @ http://localhost:8123/whisper-probe.html:11
[    1323ms] [LOG] [probe] progress onnx/encoder_model.onnx 93 @ http://localhost:8123/whisper-probe.html:11
[    1323ms] [LOG] [probe] cb progress_total  @ http://localhost:8123/whisper-probe.html:11
[    1324ms] [LOG] [probe] progress onnx/encoder_model.onnx 93 @ http://localhost:8123/whisper-probe.html:11
[    1326ms] [LOG] [probe] cb progress_total  @ http://localhost:8123/whisper-probe.html:11
[    1326ms] [LOG] [probe] progress onnx/decoder_model_merged.onnx 37 @ http://localhost:8123/whisper-probe.html:11
[    1327ms] [LOG] [probe] cb progress_total  @ http://localhost:8123/whisper-probe.html:11
[    1327ms] [LOG] [probe] progress onnx/decoder_model_merged.onnx 37 @ http://localhost:8123/whisper-probe.html:11
[    1328ms] [LOG] [probe] cb progress_total  @ http://localhost:8123/whisper-probe.html:11
[    1328ms] [LOG] [probe] progress onnx/decoder_model_merged.onnx 37 @ http://localhost:8123/whisper-probe.html:11
[    1329ms] [LOG] [probe] cb progress_total  @ http://localhost:8123/whisper-probe.html:11
[    1329ms] [LOG] [probe] progress onnx/decoder_model_merged.onnx 37 @ http://localhost:8123/whisper-probe.html:11
[    1330ms] [LOG] [probe] cb progress_total  @ http://localhost:8123/whisper-probe.html:11
[    1330ms] [LOG] [probe] progress onnx/decoder_model_merged.onnx 37 @ http://localhost:8123/whisper-probe.html:11
[    1331ms] [LOG] [probe] cb progress_total  @ http://localhost:8123/whisper-probe.html:11
[    1331ms] [LOG] [probe] progress onnx/decoder_model_merged.onnx 37 @ http://localhost:8123/whisper-probe.html:11
[    1333ms] [LOG] [probe] cb progress_total  @ http://localhost:8123/whisper-probe.html:11
[    1333ms] [LOG] [probe] progress onnx/encoder_model.onnx 94 @ http://localhost:8123/whisper-probe.html:11
[    1334ms] [LOG] [probe] cb progress_total  @ http://localhost:8123/whisper-probe.html:11
[    1334ms] [LOG] [probe] progress onnx/encoder_model.onnx 94 @ http://localhost:8123/whisper-probe.html:11
[    1347ms] [LOG] [probe] cb progress_total  @ http://localhost:8123/whisper-probe.html:11
[    1348ms] [LOG] [probe] progress onnx/decoder_model_merged.onnx 37 @ http://localhost:8123/whisper-probe.html:11
[    1349ms] [LOG] [probe] cb progress_total  @ http://localhost:8123/whisper-probe.html:11
[    1349ms] [LOG] [probe] progress onnx/encoder_model.onnx 95 @ http://localhost:8123/whisper-probe.html:11
[    1349ms] [LOG] [probe] cb progress_total  @ http://localhost:8123/whisper-probe.html:11
[    1350ms] [LOG] [probe] progress onnx/encoder_model.onnx 95 @ http://localhost:8123/whisper-probe.html:11
[    1351ms] [LOG] [probe] cb progress_total  @ http://localhost:8123/whisper-probe.html:11
[    1351ms] [LOG] [probe] progress onnx/decoder_model_merged.onnx 37 @ http://localhost:8123/whisper-probe.html:11
[    1352ms] [LOG] [probe] cb progress_total  @ http://localhost:8123/whisper-probe.html:11
[    1352ms] [LOG] [probe] progress onnx/decoder_model_merged.onnx 37 @ http://localhost:8123/whisper-probe.html:11
[    1353ms] [LOG] [probe] cb progress_total  @ http://localhost:8123/whisper-probe.html:11
[    1353ms] [LOG] [probe] progress onnx/decoder_model_merged.onnx 38 @ http://localhost:8123/whisper-probe.html:11
[    1354ms] [LOG] [probe] cb progress_total  @ http://localhost:8123/whisper-probe.html:11
[    1355ms] [LOG] [probe] progress onnx/encoder_model.onnx 95 @ http://localhost:8123/whisper-probe.html:11
[    1356ms] [LOG] [probe] cb progress_total  @ http://localhost:8123/whisper-probe.html:11
[    1356ms] [LOG] [probe] progress onnx/decoder_model_merged.onnx 38 @ http://localhost:8123/whisper-probe.html:11
[    1357ms] [LOG] [probe] cb progress_total  @ http://localhost:8123/whisper-probe.html:11
[    1358ms] [LOG] [probe] progress onnx/encoder_model.onnx 96 @ http://localhost:8123/whisper-probe.html:11
[    1359ms] [LOG] [probe] cb progress_total  @ http://localhost:8123/whisper-probe.html:11
[    1359ms] [LOG] [probe] progress onnx/decoder_model_merged.onnx 38 @ http://localhost:8123/whisper-probe.html:11
[    1360ms] [LOG] [probe] cb progress_total  @ http://localhost:8123/whisper-probe.html:11
[    1360ms] [LOG] [probe] progress onnx/encoder_model.onnx 96 @ http://localhost:8123/whisper-probe.html:11
[    1361ms] [LOG] [probe] cb progress_total  @ http://localhost:8123/whisper-probe.html:11
[    1361ms] [LOG] [probe] progress onnx/decoder_model_merged.onnx 38 @ http://localhost:8123/whisper-probe.html:11
[    1363ms] [LOG] [probe] cb progress_total  @ http://localhost:8123/whisper-probe.html:11
[    1363ms] [LOG] [probe] progress onnx/decoder_model_merged.onnx 38 @ http://localhost:8123/whisper-probe.html:11
[    1363ms] [LOG] [probe] cb progress_total  @ http://localhost:8123/whisper-probe.html:11
[    1364ms] [LOG] [probe] progress onnx/encoder_model.onnx 96 @ http://localhost:8123/whisper-probe.html:11
[    1364ms] [LOG] [probe] cb progress_total  @ http://localhost:8123/whisper-probe.html:11
[    1364ms] [LOG] [probe] progress onnx/decoder_model_merged.onnx 38 @ http://localhost:8123/whisper-probe.html:11
[    1364ms] [LOG] [probe] cb progress_total  @ http://localhost:8123/whisper-probe.html:11
[    1365ms] [LOG] [probe] progress onnx/encoder_model.onnx 96 @ http://localhost:8123/whisper-probe.html:11
[    1370ms] [LOG] [probe] cb progress_total  @ http://localhost:8123/whisper-probe.html:11
[    1370ms] [LOG] [probe] progress onnx/decoder_model_merged.onnx 38 @ http://localhost:8123/whisper-probe.html:11
[    1371ms] [LOG] [probe] cb progress_total  @ http://localhost:8123/whisper-probe.html:11
[    1371ms] [LOG] [probe] progress onnx/decoder_model_merged.onnx 38 @ http://localhost:8123/whisper-probe.html:11
[    1375ms] [LOG] [probe] cb progress_total  @ http://localhost:8123/whisper-probe.html:11
[    1376ms] [LOG] [probe] progress onnx/decoder_model_merged.onnx 38 @ http://localhost:8123/whisper-probe.html:11
[    1376ms] [LOG] [probe] cb progress_total  @ http://localhost:8123/whisper-probe.html:11
[    1376ms] [LOG] [probe] progress onnx/encoder_model.onnx 96 @ http://localhost:8123/whisper-probe.html:11
[    1378ms] [LOG] [probe] cb progress_total  @ http://localhost:8123/whisper-probe.html:11
[    1378ms] [LOG] [probe] progress onnx/decoder_model_merged.onnx 38 @ http://localhost:8123/whisper-probe.html:11
[    1379ms] [LOG] [probe] cb progress_total  @ http://localhost:8123/whisper-probe.html:11
[    1379ms] [LOG] [probe] progress onnx/encoder_model.onnx 97 @ http://localhost:8123/whisper-probe.html:11
[    1388ms] [LOG] [probe] cb progress_total  @ http://localhost:8123/whisper-probe.html:11
[    1388ms] [LOG] [probe] progress onnx/decoder_model_merged.onnx 38 @ http://localhost:8123/whisper-probe.html:11
[    1388ms] [LOG] [probe] cb progress_total  @ http://localhost:8123/whisper-probe.html:11
[    1388ms] [LOG] [probe] progress onnx/decoder_model_merged.onnx 38 @ http://localhost:8123/whisper-probe.html:11
[    1400ms] [LOG] [probe] cb progress_total  @ http://localhost:8123/whisper-probe.html:11
[    1401ms] [LOG] [probe] progress onnx/decoder_model_merged.onnx 38 @ http://localhost:8123/whisper-probe.html:11
[    1401ms] [LOG] [probe] cb progress_total  @ http://localhost:8123/whisper-probe.html:11
[    1401ms] [LOG] [probe] progress onnx/encoder_model.onnx 97 @ http://localhost:8123/whisper-probe.html:11
[    5810ms] [LOG] [probe] cb progress_total  @ http://localhost:8123/whisper-probe.html:11
[    5811ms] [LOG] [probe] progress onnx/encoder_model.onnx 97 @ http://localhost:8123/whisper-probe.html:11
[    5812ms] [LOG] [probe] cb progress_total  @ http://localhost:8123/whisper-probe.html:11
[    5812ms] [LOG] [probe] progress onnx/encoder_model.onnx 97 @ http://localhost:8123/whisper-probe.html:11
[    5896ms] [LOG] [probe] cb progress_total  @ http://localhost:8123/whisper-probe.html:11
[    5896ms] [LOG] [probe] progress onnx/encoder_model.onnx 97 @ http://localhost:8123/whisper-probe.html:11
[    5917ms] [LOG] [probe] cb progress_total  @ http://localhost:8123/whisper-probe.html:11
[    5917ms] [LOG] [probe] progress onnx/decoder_model_merged.onnx 38 @ http://localhost:8123/whisper-probe.html:11
[    5923ms] [LOG] [probe] cb progress_total  @ http://localhost:8123/whisper-probe.html:11
[    5923ms] [LOG] [probe] progress onnx/decoder_model_merged.onnx 38 @ http://localhost:8123/whisper-probe.html:11
[    5925ms] [LOG] [probe] cb progress_total  @ http://localhost:8123/whisper-probe.html:11
[    5925ms] [LOG] [probe] progress onnx/decoder_model_merged.onnx 39 @ http://localhost:8123/whisper-probe.html:11
[    5927ms] [LOG] [probe] cb progress_total  @ http://localhost:8123/whisper-probe.html:11
[    5928ms] [LOG] [probe] progress onnx/decoder_model_merged.onnx 39 @ http://localhost:8123/whisper-probe.html:11
[    5934ms] [LOG] [probe] cb progress_total  @ http://localhost:8123/whisper-probe.html:11
[    5934ms] [LOG] [probe] progress onnx/encoder_model.onnx 99 @ http://localhost:8123/whisper-probe.html:11
[    5935ms] [LOG] [probe] cb progress_total  @ http://localhost:8123/whisper-probe.html:11
[    5935ms] [LOG] [probe] progress onnx/encoder_model.onnx 100 @ http://localhost:8123/whisper-probe.html:11
[    5939ms] [LOG] [probe] cb progress_total  @ http://localhost:8123/whisper-probe.html:11
[    5939ms] [LOG] [probe] progress onnx/decoder_model_merged.onnx 39 @ http://localhost:8123/whisper-probe.html:11
[    5941ms] [LOG] [probe] cb progress_total  @ http://localhost:8123/whisper-probe.html:11
[    5941ms] [LOG] [probe] progress onnx/decoder_model_merged.onnx 40 @ http://localhost:8123/whisper-probe.html:11
[    5942ms] [LOG] [probe] cb progress_total  @ http://localhost:8123/whisper-probe.html:11
[    5942ms] [LOG] [probe] progress onnx/decoder_model_merged.onnx 40 @ http://localhost:8123/whisper-probe.html:11
[    5945ms] [LOG] [probe] cb progress_total  @ http://localhost:8123/whisper-probe.html:11
[    5945ms] [LOG] [probe] progress onnx/decoder_model_merged.onnx 40 @ http://localhost:8123/whisper-probe.html:11
[    5947ms] [LOG] [probe] cb progress_total  @ http://localhost:8123/whisper-probe.html:11
[    5948ms] [LOG] [probe] progress onnx/decoder_model_merged.onnx 41 @ http://localhost:8123/whisper-probe.html:11
[    5950ms] [LOG] [probe] cb progress_total  @ http://localhost:8123/whisper-probe.html:11
[    5950ms] [LOG] [probe] progress onnx/decoder_model_merged.onnx 41 @ http://localhost:8123/whisper-probe.html:11
[    5952ms] [LOG] [probe] cb progress_total  @ http://localhost:8123/whisper-probe.html:11
[    5952ms] [LOG] [probe] progress onnx/decoder_model_merged.onnx 42 @ http://localhost:8123/whisper-probe.html:11
[    5953ms] [LOG] [probe] cb progress_total  @ http://localhost:8123/whisper-probe.html:11
[    5953ms] [LOG] [probe] progress onnx/decoder_model_merged.onnx 42 @ http://localhost:8123/whisper-probe.html:11
[    5953ms] [LOG] [probe] cb progress_total  @ http://localhost:8123/whisper-probe.html:11
[    5953ms] [LOG] [probe] progress onnx/decoder_model_merged.onnx 42 @ http://localhost:8123/whisper-probe.html:11
[    5954ms] [LOG] [probe] cb progress_total  @ http://localhost:8123/whisper-probe.html:11
[    5954ms] [LOG] [probe] progress onnx/decoder_model_merged.onnx 42 @ http://localhost:8123/whisper-probe.html:11
[    5956ms] [LOG] [probe] cb progress_total  @ http://localhost:8123/whisper-probe.html:11
[    5957ms] [LOG] [probe] progress onnx/encoder_model.onnx 100 @ http://localhost:8123/whisper-probe.html:11
[    5957ms] [LOG] [probe] cb done onnx/encoder_model.onnx @ http://localhost:8123/whisper-probe.html:11
[    6347ms] [LOG] [probe] cb progress_total  @ http://localhost:8123/whisper-probe.html:11
[    6347ms] [LOG] [probe] progress onnx/decoder_model_merged.onnx 42 @ http://localhost:8123/whisper-probe.html:11
[    6353ms] [LOG] [probe] cb progress_total  @ http://localhost:8123/whisper-probe.html:11
[    6353ms] [LOG] [probe] progress onnx/decoder_model_merged.onnx 43 @ http://localhost:8123/whisper-probe.html:11
[    6362ms] [LOG] [probe] cb progress_total  @ http://localhost:8123/whisper-probe.html:11
[    6362ms] [LOG] [probe] progress onnx/decoder_model_merged.onnx 43 @ http://localhost:8123/whisper-probe.html:11
[    6363ms] [LOG] [probe] cb progress_total  @ http://localhost:8123/whisper-probe.html:11
[    6364ms] [LOG] [probe] progress onnx/decoder_model_merged.onnx 43 @ http://localhost:8123/whisper-probe.html:11
[    6366ms] [LOG] [probe] cb progress_total  @ http://localhost:8123/whisper-probe.html:11
[    6366ms] [LOG] [probe] progress onnx/decoder_model_merged.onnx 43 @ http://localhost:8123/whisper-probe.html:11
[    6369ms] [LOG] [probe] cb progress_total  @ http://localhost:8123/whisper-probe.html:11
[    6369ms] [LOG] [probe] progress onnx/decoder_model_merged.onnx 43 @ http://localhost:8123/whisper-probe.html:11
[    6370ms] [LOG] [probe] cb progress_total  @ http://localhost:8123/whisper-probe.html:11
[    6370ms] [LOG] [probe] progress onnx/decoder_model_merged.onnx 43 @ http://localhost:8123/whisper-probe.html:11
[    6370ms] [LOG] [probe] cb progress_total  @ http://localhost:8123/whisper-probe.html:11
[    6371ms] [LOG] [probe] progress onnx/decoder_model_merged.onnx 43 @ http://localhost:8123/whisper-probe.html:11
[    6372ms] [LOG] [probe] cb progress_total  @ http://localhost:8123/whisper-probe.html:11
[    6373ms] [LOG] [probe] progress onnx/decoder_model_merged.onnx 44 @ http://localhost:8123/whisper-probe.html:11
[    6373ms] [LOG] [probe] cb progress_total  @ http://localhost:8123/whisper-probe.html:11
[    6373ms] [LOG] [probe] progress onnx/decoder_model_merged.onnx 44 @ http://localhost:8123/whisper-probe.html:11
[    6376ms] [LOG] [probe] cb progress_total  @ http://localhost:8123/whisper-probe.html:11
[    6376ms] [LOG] [probe] progress onnx/decoder_model_merged.onnx 44 @ http://localhost:8123/whisper-probe.html:11
[    6377ms] [LOG] [probe] cb progress_total  @ http://localhost:8123/whisper-probe.html:11
[    6377ms] [LOG] [probe] progress onnx/decoder_model_merged.onnx 44 @ http://localhost:8123/whisper-probe.html:11
[    6381ms] [LOG] [probe] cb progress_total  @ http://localhost:8123/whisper-probe.html:11
[    6382ms] [LOG] [probe] progress onnx/decoder_model_merged.onnx 44 @ http://localhost:8123/whisper-probe.html:11
[    6384ms] [LOG] [probe] cb progress_total  @ http://localhost:8123/whisper-probe.html:11
[    6384ms] [LOG] [probe] progress onnx/decoder_model_merged.onnx 44 @ http://localhost:8123/whisper-probe.html:11
[    6385ms] [LOG] [probe] cb progress_total  @ http://localhost:8123/whisper-probe.html:11
[    6385ms] [LOG] [probe] progress onnx/decoder_model_merged.onnx 45 @ http://localhost:8123/whisper-probe.html:11
[    6387ms] [LOG] [probe] cb progress_total  @ http://localhost:8123/whisper-probe.html:11
[    6387ms] [LOG] [probe] progress onnx/decoder_model_merged.onnx 45 @ http://localhost:8123/whisper-probe.html:11
[    6388ms] [LOG] [probe] cb progress_total  @ http://localhost:8123/whisper-probe.html:11
[    6388ms] [LOG] [probe] progress onnx/decoder_model_merged.onnx 45 @ http://localhost:8123/whisper-probe.html:11
[    6450ms] [LOG] [probe] cb progress_total  @ http://localhost:8123/whisper-probe.html:11
[    6450ms] [LOG] [probe] progress onnx/decoder_model_merged.onnx 45 @ http://localhost:8123/whisper-probe.html:11
[    6451ms] [LOG] [probe] cb progress_total  @ http://localhost:8123/whisper-probe.html:11
[    6451ms] [LOG] [probe] progress onnx/decoder_model_merged.onnx 45 @ http://localhost:8123/whisper-probe.html:11
[    6453ms] [LOG] [probe] cb progress_total  @ http://localhost:8123/whisper-probe.html:11
[    6453ms] [LOG] [probe] progress onnx/decoder_model_merged.onnx 45 @ http://localhost:8123/whisper-probe.html:11
[    6454ms] [LOG] [probe] cb progress_total  @ http://localhost:8123/whisper-probe.html:11
[    6454ms] [LOG] [probe] progress onnx/decoder_model_merged.onnx 45 @ http://localhost:8123/whisper-probe.html:11
[    6454ms] [LOG] [probe] cb progress_total  @ http://localhost:8123/whisper-probe.html:11
[    6455ms] [LOG] [probe] progress onnx/decoder_model_merged.onnx 45 @ http://localhost:8123/whisper-probe.html:11
[    6489ms] [LOG] [probe] cb progress_total  @ http://localhost:8123/whisper-probe.html:11
[    6491ms] [LOG] [probe] progress onnx/decoder_model_merged.onnx 46 @ http://localhost:8123/whisper-probe.html:11
[    6492ms] [LOG] [probe] cb progress_total  @ http://localhost:8123/whisper-probe.html:11
[    6492ms] [LOG] [probe] progress onnx/decoder_model_merged.onnx 46 @ http://localhost:8123/whisper-probe.html:11
[    6493ms] [LOG] [probe] cb progress_total  @ http://localhost:8123/whisper-probe.html:11
[    6493ms] [LOG] [probe] progress onnx/decoder_model_merged.onnx 46 @ http://localhost:8123/whisper-probe.html:11
[    6499ms] [LOG] [probe] cb progress_total  @ http://localhost:8123/whisper-probe.html:11
[    6500ms] [LOG] [probe] progress onnx/decoder_model_merged.onnx 46 @ http://localhost:8123/whisper-probe.html:11
[    6501ms] [LOG] [probe] cb progress_total  @ http://localhost:8123/whisper-probe.html:11
[    6501ms] [LOG] [probe] progress onnx/decoder_model_merged.onnx 46 @ http://localhost:8123/whisper-probe.html:11
[    6503ms] [LOG] [probe] cb progress_total  @ http://localhost:8123/whisper-probe.html:11
[    6503ms] [LOG] [probe] progress onnx/decoder_model_merged.onnx 46 @ http://localhost:8123/whisper-probe.html:11
[    6506ms] [LOG] [probe] cb progress_total  @ http://localhost:8123/whisper-probe.html:11
[    6506ms] [LOG] [probe] progress onnx/decoder_model_merged.onnx 46 @ http://localhost:8123/whisper-probe.html:11
[    6507ms] [LOG] [probe] cb progress_total  @ http://localhost:8123/whisper-probe.html:11
[    6507ms] [LOG] [probe] progress onnx/decoder_model_merged.onnx 46 @ http://localhost:8123/whisper-probe.html:11
[    6511ms] [LOG] [probe] cb progress_total  @ http://localhost:8123/whisper-probe.html:11
[    6511ms] [LOG] [probe] progress onnx/decoder_model_merged.onnx 46 @ http://localhost:8123/whisper-probe.html:11
[    6511ms] [LOG] [probe] cb progress_total  @ http://localhost:8123/whisper-probe.html:11
[    6512ms] [LOG] [probe] progress onnx/decoder_model_merged.onnx 46 @ http://localhost:8123/whisper-probe.html:11
[    6515ms] [LOG] [probe] cb progress_total  @ http://localhost:8123/whisper-probe.html:11
[    6515ms] [LOG] [probe] progress onnx/decoder_model_merged.onnx 47 @ http://localhost:8123/whisper-probe.html:11
[    6516ms] [LOG] [probe] cb progress_total  @ http://localhost:8123/whisper-probe.html:11
[    6516ms] [LOG] [probe] progress onnx/decoder_model_merged.onnx 47 @ http://localhost:8123/whisper-probe.html:11
[    6516ms] [LOG] [probe] cb progress_total  @ http://localhost:8123/whisper-probe.html:11
[    6516ms] [LOG] [probe] progress onnx/decoder_model_merged.onnx 47 @ http://localhost:8123/whisper-probe.html:11
[    6518ms] [LOG] [probe] cb progress_total  @ http://localhost:8123/whisper-probe.html:11
[    6519ms] [LOG] [probe] progress onnx/decoder_model_merged.onnx 47 @ http://localhost:8123/whisper-probe.html:11
[    6520ms] [LOG] [probe] cb progress_total  @ http://localhost:8123/whisper-probe.html:11
[    6520ms] [LOG] [probe] progress onnx/decoder_model_merged.onnx 47 @ http://localhost:8123/whisper-probe.html:11
[    6527ms] [LOG] [probe] cb progress_total  @ http://localhost:8123/whisper-probe.html:11
[    6527ms] [LOG] [probe] progress onnx/decoder_model_merged.onnx 47 @ http://localhost:8123/whisper-probe.html:11
[    6528ms] [LOG] [probe] cb progress_total  @ http://localhost:8123/whisper-probe.html:11
[    6528ms] [LOG] [probe] progress onnx/decoder_model_merged.onnx 47 @ http://localhost:8123/whisper-probe.html:11
[    6529ms] [LOG] [probe] cb progress_total  @ http://localhost:8123/whisper-probe.html:11
[    6529ms] [LOG] [probe] progress onnx/decoder_model_merged.onnx 47 @ http://localhost:8123/whisper-probe.html:11
[    6531ms] [LOG] [probe] cb progress_total  @ http://localhost:8123/whisper-probe.html:11
[    6532ms] [LOG] [probe] progress onnx/decoder_model_merged.onnx 48 @ http://localhost:8123/whisper-probe.html:11
[    6532ms] [LOG] [probe] cb progress_total  @ http://localhost:8123/whisper-probe.html:11
[    6533ms] [LOG] [probe] progress onnx/decoder_model_merged.onnx 48 @ http://localhost:8123/whisper-probe.html:11
[    6535ms] [LOG] [probe] cb progress_total  @ http://localhost:8123/whisper-probe.html:11
[    6536ms] [LOG] [probe] progress onnx/decoder_model_merged.onnx 48 @ http://localhost:8123/whisper-probe.html:11
[    6537ms] [LOG] [probe] cb progress_total  @ http://localhost:8123/whisper-probe.html:11
[    6537ms] [LOG] [probe] progress onnx/decoder_model_merged.onnx 48 @ http://localhost:8123/whisper-probe.html:11
[    6551ms] [LOG] [probe] cb progress_total  @ http://localhost:8123/whisper-probe.html:11
[    6552ms] [LOG] [probe] progress onnx/decoder_model_merged.onnx 48 @ http://localhost:8123/whisper-probe.html:11
[    6556ms] [LOG] [probe] cb progress_total  @ http://localhost:8123/whisper-probe.html:11
[    6556ms] [LOG] [probe] progress onnx/decoder_model_merged.onnx 49 @ http://localhost:8123/whisper-probe.html:11
[    6557ms] [LOG] [probe] cb progress_total  @ http://localhost:8123/whisper-probe.html:11
[    6558ms] [LOG] [probe] progress onnx/decoder_model_merged.onnx 49 @ http://localhost:8123/whisper-probe.html:11
[    6559ms] [LOG] [probe] cb progress_total  @ http://localhost:8123/whisper-probe.html:11
[    6560ms] [LOG] [probe] progress onnx/decoder_model_merged.onnx 49 @ http://localhost:8123/whisper-probe.html:11
[    6560ms] [LOG] [probe] cb progress_total  @ http://localhost:8123/whisper-probe.html:11
[    6560ms] [LOG] [probe] progress onnx/decoder_model_merged.onnx 49 @ http://localhost:8123/whisper-probe.html:11
[    6561ms] [LOG] [probe] cb progress_total  @ http://localhost:8123/whisper-probe.html:11
[    6561ms] [LOG] [probe] progress onnx/decoder_model_merged.onnx 49 @ http://localhost:8123/whisper-probe.html:11
[    6582ms] [LOG] [probe] cb progress_total  @ http://localhost:8123/whisper-probe.html:11
[    6582ms] [LOG] [probe] progress onnx/decoder_model_merged.onnx 49 @ http://localhost:8123/whisper-probe.html:11
[    6583ms] [LOG] [probe] cb progress_total  @ http://localhost:8123/whisper-probe.html:11
[    6583ms] [LOG] [probe] progress onnx/decoder_model_merged.onnx 50 @ http://localhost:8123/whisper-probe.html:11
[    6591ms] [LOG] [probe] cb progress_total  @ http://localhost:8123/whisper-probe.html:11
[    6591ms] [LOG] [probe] progress onnx/decoder_model_merged.onnx 50 @ http://localhost:8123/whisper-probe.html:11
[    6591ms] [LOG] [probe] cb progress_total  @ http://localhost:8123/whisper-probe.html:11
[    6591ms] [LOG] [probe] progress onnx/decoder_model_merged.onnx 50 @ http://localhost:8123/whisper-probe.html:11
[    6592ms] [LOG] [probe] cb progress_total  @ http://localhost:8123/whisper-probe.html:11
[    6592ms] [LOG] [probe] progress onnx/decoder_model_merged.onnx 50 @ http://localhost:8123/whisper-probe.html:11
[    6594ms] [LOG] [probe] cb progress_total  @ http://localhost:8123/whisper-probe.html:11
[    6595ms] [LOG] [probe] progress onnx/decoder_model_merged.onnx 50 @ http://localhost:8123/whisper-probe.html:11
[    6595ms] [LOG] [probe] cb progress_total  @ http://localhost:8123/whisper-probe.html:11
[    6595ms] [LOG] [probe] progress onnx/decoder_model_merged.onnx 50 @ http://localhost:8123/whisper-probe.html:11
[    6603ms] [LOG] [probe] cb progress_total  @ http://localhost:8123/whisper-probe.html:11
[    6604ms] [LOG] [probe] progress onnx/decoder_model_merged.onnx 50 @ http://localhost:8123/whisper-probe.html:11
[    6604ms] [LOG] [probe] cb progress_total  @ http://localhost:8123/whisper-probe.html:11
[    6604ms] [LOG] [probe] progress onnx/decoder_model_merged.onnx 50 @ http://localhost:8123/whisper-probe.html:11
[    6605ms] [LOG] [probe] cb progress_total  @ http://localhost:8123/whisper-probe.html:11
[    6605ms] [LOG] [probe] progress onnx/decoder_model_merged.onnx 50 @ http://localhost:8123/whisper-probe.html:11
[    6606ms] [LOG] [probe] cb progress_total  @ http://localhost:8123/whisper-probe.html:11
[    6607ms] [LOG] [probe] progress onnx/decoder_model_merged.onnx 50 @ http://localhost:8123/whisper-probe.html:11
[    6607ms] [LOG] [probe] cb progress_total  @ http://localhost:8123/whisper-probe.html:11
[    6607ms] [LOG] [probe] progress onnx/decoder_model_merged.onnx 50 @ http://localhost:8123/whisper-probe.html:11
[    6608ms] [LOG] [probe] cb progress_total  @ http://localhost:8123/whisper-probe.html:11
[    6608ms] [LOG] [probe] progress onnx/decoder_model_merged.onnx 50 @ http://localhost:8123/whisper-probe.html:11
[    6614ms] [LOG] [probe] cb progress_total  @ http://localhost:8123/whisper-probe.html:11
[    6614ms] [LOG] [probe] progress onnx/decoder_model_merged.onnx 50 @ http://localhost:8123/whisper-probe.html:11
[    6615ms] [LOG] [probe] cb progress_total  @ http://localhost:8123/whisper-probe.html:11
[    6615ms] [LOG] [probe] progress onnx/decoder_model_merged.onnx 50 @ http://localhost:8123/whisper-probe.html:11
[    6616ms] [LOG] [probe] cb progress_total  @ http://localhost:8123/whisper-probe.html:11
[    6616ms] [LOG] [probe] progress onnx/decoder_model_merged.onnx 50 @ http://localhost:8123/whisper-probe.html:11
[    6617ms] [LOG] [probe] cb progress_total  @ http://localhost:8123/whisper-probe.html:11
[    6617ms] [LOG] [probe] progress onnx/decoder_model_merged.onnx 50 @ http://localhost:8123/whisper-probe.html:11
[    6618ms] [LOG] [probe] cb progress_total  @ http://localhost:8123/whisper-probe.html:11
[    6619ms] [LOG] [probe] progress onnx/decoder_model_merged.onnx 50 @ http://localhost:8123/whisper-probe.html:11
[    6619ms] [LOG] [probe] cb progress_total  @ http://localhost:8123/whisper-probe.html:11
[    6620ms] [LOG] [probe] progress onnx/decoder_model_merged.onnx 50 @ http://localhost:8123/whisper-probe.html:11
[    6620ms] [LOG] [probe] cb progress_total  @ http://localhost:8123/whisper-probe.html:11
[    6620ms] [LOG] [probe] progress onnx/decoder_model_merged.onnx 50 @ http://localhost:8123/whisper-probe.html:11
[    6621ms] [LOG] [probe] cb progress_total  @ http://localhost:8123/whisper-probe.html:11
[    6621ms] [LOG] [probe] progress onnx/decoder_model_merged.onnx 50 @ http://localhost:8123/whisper-probe.html:11
[    6642ms] [LOG] [probe] cb progress_total  @ http://localhost:8123/whisper-probe.html:11
[    6642ms] [LOG] [probe] progress onnx/decoder_model_merged.onnx 50 @ http://localhost:8123/whisper-probe.html:11
[    6643ms] [LOG] [probe] cb progress_total  @ http://localhost:8123/whisper-probe.html:11
[    6644ms] [LOG] [probe] progress onnx/decoder_model_merged.onnx 50 @ http://localhost:8123/whisper-probe.html:11
[    6644ms] [LOG] [probe] cb progress_total  @ http://localhost:8123/whisper-probe.html:11
[    6644ms] [LOG] [probe] progress onnx/decoder_model_merged.onnx 50 @ http://localhost:8123/whisper-probe.html:11
[    6659ms] [LOG] [probe] cb progress_total  @ http://localhost:8123/whisper-probe.html:11
[    6659ms] [LOG] [probe] progress onnx/decoder_model_merged.onnx 50 @ http://localhost:8123/whisper-probe.html:11
[    6661ms] [LOG] [probe] cb progress_total  @ http://localhost:8123/whisper-probe.html:11
[    6662ms] [LOG] [probe] progress onnx/decoder_model_merged.onnx 50 @ http://localhost:8123/whisper-probe.html:11
[    6665ms] [LOG] [probe] cb progress_total  @ http://localhost:8123/whisper-probe.html:11
[    6665ms] [LOG] [probe] progress onnx/decoder_model_merged.onnx 51 @ http://localhost:8123/whisper-probe.html:11
[    6666ms] [LOG] [probe] cb progress_total  @ http://localhost:8123/whisper-probe.html:11
[    6666ms] [LOG] [probe] progress onnx/decoder_model_merged.onnx 51 @ http://localhost:8123/whisper-probe.html:11
[    6673ms] [LOG] [probe] cb progress_total  @ http://localhost:8123/whisper-probe.html:11
[    6673ms] [LOG] [probe] progress onnx/decoder_model_merged.onnx 51 @ http://localhost:8123/whisper-probe.html:11
[    6674ms] [LOG] [probe] cb progress_total  @ http://localhost:8123/whisper-probe.html:11
[    6675ms] [LOG] [probe] progress onnx/decoder_model_merged.onnx 51 @ http://localhost:8123/whisper-probe.html:11
[    6677ms] [LOG] [probe] cb progress_total  @ http://localhost:8123/whisper-probe.html:11
[    6678ms] [LOG] [probe] progress onnx/decoder_model_merged.onnx 51 @ http://localhost:8123/whisper-probe.html:11
[    6684ms] [LOG] [probe] cb progress_total  @ http://localhost:8123/whisper-probe.html:11
[    6684ms] [LOG] [probe] progress onnx/decoder_model_merged.onnx 51 @ http://localhost:8123/whisper-probe.html:11
[    6685ms] [LOG] [probe] cb progress_total  @ http://localhost:8123/whisper-probe.html:11
[    6686ms] [LOG] [probe] progress onnx/decoder_model_merged.onnx 51 @ http://localhost:8123/whisper-probe.html:11
[    6688ms] [LOG] [probe] cb progress_total  @ http://localhost:8123/whisper-probe.html:11
[    6689ms] [LOG] [probe] progress onnx/decoder_model_merged.onnx 51 @ http://localhost:8123/whisper-probe.html:11
[    6690ms] [LOG] [probe] cb progress_total  @ http://localhost:8123/whisper-probe.html:11
[    6690ms] [LOG] [probe] progress onnx/decoder_model_merged.onnx 51 @ http://localhost:8123/whisper-probe.html:11
[    6825ms] [LOG] [probe] cb progress_total  @ http://localhost:8123/whisper-probe.html:11
[    6825ms] [LOG] [probe] progress onnx/decoder_model_merged.onnx 51 @ http://localhost:8123/whisper-probe.html:11
[    6827ms] [LOG] [probe] cb progress_total  @ http://localhost:8123/whisper-probe.html:11
[    6827ms] [LOG] [probe] progress onnx/decoder_model_merged.onnx 51 @ http://localhost:8123/whisper-probe.html:11
[    6828ms] [LOG] [probe] cb progress_total  @ http://localhost:8123/whisper-probe.html:11
[    6828ms] [LOG] [probe] progress onnx/decoder_model_merged.onnx 51 @ http://localhost:8123/whisper-probe.html:11
[    6830ms] [LOG] [probe] cb progress_total  @ http://localhost:8123/whisper-probe.html:11
[    6830ms] [LOG] [probe] progress onnx/decoder_model_merged.onnx 51 @ http://localhost:8123/whisper-probe.html:11
[    6836ms] [LOG] [probe] cb progress_total  @ http://localhost:8123/whisper-probe.html:11
[    6836ms] [LOG] [probe] progress onnx/decoder_model_merged.onnx 51 @ http://localhost:8123/whisper-probe.html:11
[    6836ms] [LOG] [probe] cb progress_total  @ http://localhost:8123/whisper-probe.html:11
[    6836ms] [LOG] [probe] progress onnx/decoder_model_merged.onnx 51 @ http://localhost:8123/whisper-probe.html:11
[    6846ms] [LOG] [probe] cb progress_total  @ http://localhost:8123/whisper-probe.html:11
[    6847ms] [LOG] [probe] progress onnx/decoder_model_merged.onnx 52 @ http://localhost:8123/whisper-probe.html:11
[    6848ms] [LOG] [probe] cb progress_total  @ http://localhost:8123/whisper-probe.html:11
[    6848ms] [LOG] [probe] progress onnx/decoder_model_merged.onnx 52 @ http://localhost:8123/whisper-probe.html:11
[    6849ms] [LOG] [probe] cb progress_total  @ http://localhost:8123/whisper-probe.html:11
[    6850ms] [LOG] [probe] progress onnx/decoder_model_merged.onnx 52 @ http://localhost:8123/whisper-probe.html:11
[    6850ms] [LOG] [probe] cb progress_total  @ http://localhost:8123/whisper-probe.html:11
[    6850ms] [LOG] [probe] progress onnx/decoder_model_merged.onnx 52 @ http://localhost:8123/whisper-probe.html:11
[    6855ms] [LOG] [probe] cb progress_total  @ http://localhost:8123/whisper-probe.html:11
[    6856ms] [LOG] [probe] progress onnx/decoder_model_merged.onnx 52 @ http://localhost:8123/whisper-probe.html:11
[    6857ms] [LOG] [probe] cb progress_total  @ http://localhost:8123/whisper-probe.html:11
[    6857ms] [LOG] [probe] progress onnx/decoder_model_merged.onnx 52 @ http://localhost:8123/whisper-probe.html:11
[    6858ms] [LOG] [probe] cb progress_total  @ http://localhost:8123/whisper-probe.html:11
[    6858ms] [LOG] [probe] progress onnx/decoder_model_merged.onnx 52 @ http://localhost:8123/whisper-probe.html:11
[    6860ms] [LOG] [probe] cb progress_total  @ http://localhost:8123/whisper-probe.html:11
[    6860ms] [LOG] [probe] progress onnx/decoder_model_merged.onnx 52 @ http://localhost:8123/whisper-probe.html:11
[    6869ms] [LOG] [probe] cb progress_total  @ http://localhost:8123/whisper-probe.html:11
[    6870ms] [LOG] [probe] progress onnx/decoder_model_merged.onnx 52 @ http://localhost:8123/whisper-probe.html:11
[    6870ms] [LOG] [probe] cb progress_total  @ http://localhost:8123/whisper-probe.html:11
[    6871ms] [LOG] [probe] progress onnx/decoder_model_merged.onnx 52 @ http://localhost:8123/whisper-probe.html:11
[    6874ms] [LOG] [probe] cb progress_total  @ http://localhost:8123/whisper-probe.html:11
[    6874ms] [LOG] [probe] progress onnx/decoder_model_merged.onnx 52 @ http://localhost:8123/whisper-probe.html:11
[    6878ms] [LOG] [probe] cb progress_total  @ http://localhost:8123/whisper-probe.html:11
[    6878ms] [LOG] [probe] progress onnx/decoder_model_merged.onnx 52 @ http://localhost:8123/whisper-probe.html:11
[    6879ms] [LOG] [probe] cb progress_total  @ http://localhost:8123/whisper-probe.html:11
[    6879ms] [LOG] [probe] progress onnx/decoder_model_merged.onnx 52 @ http://localhost:8123/whisper-probe.html:11
[    6879ms] [LOG] [probe] cb progress_total  @ http://localhost:8123/whisper-probe.html:11
[    6880ms] [LOG] [probe] progress onnx/decoder_model_merged.onnx 52 @ http://localhost:8123/whisper-probe.html:11
[    7134ms] [LOG] [probe] cb progress_total  @ http://localhost:8123/whisper-probe.html:11
[    7138ms] [LOG] [probe] progress onnx/decoder_model_merged.onnx 52 @ http://localhost:8123/whisper-probe.html:11
[    7149ms] [LOG] [probe] cb progress_total  @ http://localhost:8123/whisper-probe.html:11
[    7152ms] [LOG] [probe] progress onnx/decoder_model_merged.onnx 53 @ http://localhost:8123/whisper-probe.html:11
[    7154ms] [LOG] [probe] cb progress_total  @ http://localhost:8123/whisper-probe.html:11
[    7154ms] [LOG] [probe] progress onnx/decoder_model_merged.onnx 53 @ http://localhost:8123/whisper-probe.html:11
[    7155ms] [LOG] [probe] cb progress_total  @ http://localhost:8123/whisper-probe.html:11
[    7155ms] [LOG] [probe] progress onnx/decoder_model_merged.onnx 53 @ http://localhost:8123/whisper-probe.html:11
[    7156ms] [LOG] [probe] cb progress_total  @ http://localhost:8123/whisper-probe.html:11
[    7157ms] [LOG] [probe] progress onnx/decoder_model_merged.onnx 53 @ http://localhost:8123/whisper-probe.html:11
[    7172ms] [LOG] [probe] cb progress_total  @ http://localhost:8123/whisper-probe.html:11
[    7172ms] [LOG] [probe] progress onnx/decoder_model_merged.onnx 53 @ http://localhost:8123/whisper-probe.html:11
[    7173ms] [LOG] [probe] cb progress_total  @ http://localhost:8123/whisper-probe.html:11
[    7173ms] [LOG] [probe] progress onnx/decoder_model_merged.onnx 53 @ http://localhost:8123/whisper-probe.html:11
[    7174ms] [LOG] [probe] cb progress_total  @ http://localhost:8123/whisper-probe.html:11
[    7174ms] [LOG] [probe] progress onnx/decoder_model_merged.onnx 53 @ http://localhost:8123/whisper-probe.html:11
[    7200ms] [LOG] [probe] cb progress_total  @ http://localhost:8123/whisper-probe.html:11
[    7200ms] [LOG] [probe] progress onnx/decoder_model_merged.onnx 53 @ http://localhost:8123/whisper-probe.html:11
[    7201ms] [LOG] [probe] cb progress_total  @ http://localhost:8123/whisper-probe.html:11
[    7201ms] [LOG] [probe] progress onnx/decoder_model_merged.onnx 53 @ http://localhost:8123/whisper-probe.html:11
[    7207ms] [LOG] [probe] cb progress_total  @ http://localhost:8123/whisper-probe.html:11
[    7208ms] [LOG] [probe] progress onnx/decoder_model_merged.onnx 53 @ http://localhost:8123/whisper-probe.html:11
[    7208ms] [LOG] [probe] cb progress_total  @ http://localhost:8123/whisper-probe.html:11
[    7209ms] [LOG] [probe] progress onnx/decoder_model_merged.onnx 53 @ http://localhost:8123/whisper-probe.html:11
[    7214ms] [LOG] [probe] cb progress_total  @ http://localhost:8123/whisper-probe.html:11
[    7214ms] [LOG] [probe] progress onnx/decoder_model_merged.onnx 53 @ http://localhost:8123/whisper-probe.html:11
[    7215ms] [LOG] [probe] cb progress_total  @ http://localhost:8123/whisper-probe.html:11
[    7215ms] [LOG] [probe] progress onnx/decoder_model_merged.onnx 53 @ http://localhost:8123/whisper-probe.html:11
[    7215ms] [LOG] [probe] cb progress_total  @ http://localhost:8123/whisper-probe.html:11
[    7216ms] [LOG] [probe] progress onnx/decoder_model_merged.onnx 53 @ http://localhost:8123/whisper-probe.html:11
[    7265ms] [LOG] [probe] cb progress_total  @ http://localhost:8123/whisper-probe.html:11
[    7266ms] [LOG] [probe] progress onnx/decoder_model_merged.onnx 53 @ http://localhost:8123/whisper-probe.html:11
[    7267ms] [LOG] [probe] cb progress_total  @ http://localhost:8123/whisper-probe.html:11
[    7268ms] [LOG] [probe] progress onnx/decoder_model_merged.onnx 53 @ http://localhost:8123/whisper-probe.html:11
[    7268ms] [LOG] [probe] cb progress_total  @ http://localhost:8123/whisper-probe.html:11
[    7269ms] [LOG] [probe] progress onnx/decoder_model_merged.onnx 53 @ http://localhost:8123/whisper-probe.html:11
[    7277ms] [LOG] [probe] cb progress_total  @ http://localhost:8123/whisper-probe.html:11
[    7278ms] [LOG] [probe] progress onnx/decoder_model_merged.onnx 54 @ http://localhost:8123/whisper-probe.html:11
[    7278ms] [LOG] [probe] cb progress_total  @ http://localhost:8123/whisper-probe.html:11
[    7278ms] [LOG] [probe] progress onnx/decoder_model_merged.onnx 54 @ http://localhost:8123/whisper-probe.html:11
[    7279ms] [LOG] [probe] cb progress_total  @ http://localhost:8123/whisper-probe.html:11
[    7279ms] [LOG] [probe] progress onnx/decoder_model_merged.onnx 54 @ http://localhost:8123/whisper-probe.html:11
[    7280ms] [LOG] [probe] cb progress_total  @ http://localhost:8123/whisper-probe.html:11
[    7280ms] [LOG] [probe] progress onnx/decoder_model_merged.onnx 54 @ http://localhost:8123/whisper-probe.html:11
[    7281ms] [LOG] [probe] cb progress_total  @ http://localhost:8123/whisper-probe.html:11
[    7281ms] [LOG] [probe] progress onnx/decoder_model_merged.onnx 54 @ http://localhost:8123/whisper-probe.html:11
[    7288ms] [LOG] [probe] cb progress_total  @ http://localhost:8123/whisper-probe.html:11
[    7288ms] [LOG] [probe] progress onnx/decoder_model_merged.onnx 54 @ http://localhost:8123/whisper-probe.html:11
[    7289ms] [LOG] [probe] cb progress_total  @ http://localhost:8123/whisper-probe.html:11
[    7289ms] [LOG] [probe] progress onnx/decoder_model_merged.onnx 54 @ http://localhost:8123/whisper-probe.html:11
[    7291ms] [LOG] [probe] cb progress_total  @ http://localhost:8123/whisper-probe.html:11
[    7291ms] [LOG] [probe] progress onnx/decoder_model_merged.onnx 54 @ http://localhost:8123/whisper-probe.html:11
[    7291ms] [LOG] [probe] cb progress_total  @ http://localhost:8123/whisper-probe.html:11
[    7291ms] [LOG] [probe] progress onnx/decoder_model_merged.onnx 54 @ http://localhost:8123/whisper-probe.html:11
[    7292ms] [LOG] [probe] cb progress_total  @ http://localhost:8123/whisper-probe.html:11
[    7292ms] [LOG] [probe] progress onnx/decoder_model_merged.onnx 54 @ http://localhost:8123/whisper-probe.html:11
[    7294ms] [LOG] [probe] cb progress_total  @ http://localhost:8123/whisper-probe.html:11
[    7294ms] [LOG] [probe] progress onnx/decoder_model_merged.onnx 54 @ http://localhost:8123/whisper-probe.html:11
[    7295ms] [LOG] [probe] cb progress_total  @ http://localhost:8123/whisper-probe.html:11
[    7295ms] [LOG] [probe] progress onnx/decoder_model_merged.onnx 54 @ http://localhost:8123/whisper-probe.html:11
[    7303ms] [LOG] [probe] cb progress_total  @ http://localhost:8123/whisper-probe.html:11
[    7304ms] [LOG] [probe] progress onnx/decoder_model_merged.onnx 54 @ http://localhost:8123/whisper-probe.html:11
[    7304ms] [LOG] [probe] cb progress_total  @ http://localhost:8123/whisper-probe.html:11
[    7304ms] [LOG] [probe] progress onnx/decoder_model_merged.onnx 54 @ http://localhost:8123/whisper-probe.html:11
[    7305ms] [LOG] [probe] cb progress_total  @ http://localhost:8123/whisper-probe.html:11
[    7305ms] [LOG] [probe] progress onnx/decoder_model_merged.onnx 54 @ http://localhost:8123/whisper-probe.html:11
[    7307ms] [LOG] [probe] cb progress_total  @ http://localhost:8123/whisper-probe.html:11
[    7307ms] [LOG] [probe] progress onnx/decoder_model_merged.onnx 54 @ http://localhost:8123/whisper-probe.html:11
[    7307ms] [LOG] [probe] cb progress_total  @ http://localhost:8123/whisper-probe.html:11
[    7308ms] [LOG] [probe] progress onnx/decoder_model_merged.onnx 54 @ http://localhost:8123/whisper-probe.html:11
[    7308ms] [LOG] [probe] cb progress_total  @ http://localhost:8123/whisper-probe.html:11
[    7308ms] [LOG] [probe] progress onnx/decoder_model_merged.onnx 54 @ http://localhost:8123/whisper-probe.html:11
[    7314ms] [LOG] [probe] cb progress_total  @ http://localhost:8123/whisper-probe.html:11
[    7314ms] [LOG] [probe] progress onnx/decoder_model_merged.onnx 54 @ http://localhost:8123/whisper-probe.html:11
[    7314ms] [LOG] [probe] cb progress_total  @ http://localhost:8123/whisper-probe.html:11
[    7314ms] [LOG] [probe] progress onnx/decoder_model_merged.onnx 54 @ http://localhost:8123/whisper-probe.html:11
[    7315ms] [LOG] [probe] cb progress_total  @ http://localhost:8123/whisper-probe.html:11
[    7315ms] [LOG] [probe] progress onnx/decoder_model_merged.onnx 54 @ http://localhost:8123/whisper-probe.html:11
[    7317ms] [LOG] [probe] cb progress_total  @ http://localhost:8123/whisper-probe.html:11
[    7317ms] [LOG] [probe] progress onnx/decoder_model_merged.onnx 55 @ http://localhost:8123/whisper-probe.html:11
[    7318ms] [LOG] [probe] cb progress_total  @ http://localhost:8123/whisper-probe.html:11
[    7318ms] [LOG] [probe] progress onnx/decoder_model_merged.onnx 55 @ http://localhost:8123/whisper-probe.html:11
[    7321ms] [LOG] [probe] cb progress_total  @ http://localhost:8123/whisper-probe.html:11
[    7321ms] [LOG] [probe] progress onnx/decoder_model_merged.onnx 55 @ http://localhost:8123/whisper-probe.html:11
[    7340ms] [LOG] [probe] cb progress_total  @ http://localhost:8123/whisper-probe.html:11
[    7341ms] [LOG] [probe] progress onnx/decoder_model_merged.onnx 55 @ http://localhost:8123/whisper-probe.html:11
[    7342ms] [LOG] [probe] cb progress_total  @ http://localhost:8123/whisper-probe.html:11
[    7343ms] [LOG] [probe] progress onnx/decoder_model_merged.onnx 55 @ http://localhost:8123/whisper-probe.html:11
[    7343ms] [LOG] [probe] cb progress_total  @ http://localhost:8123/whisper-probe.html:11
[    7343ms] [LOG] [probe] progress onnx/decoder_model_merged.onnx 55 @ http://localhost:8123/whisper-probe.html:11
[    7346ms] [LOG] [probe] cb progress_total  @ http://localhost:8123/whisper-probe.html:11
[    7346ms] [LOG] [probe] progress onnx/decoder_model_merged.onnx 55 @ http://localhost:8123/whisper-probe.html:11
[    7350ms] [LOG] [probe] cb progress_total  @ http://localhost:8123/whisper-probe.html:11
[    7350ms] [LOG] [probe] progress onnx/decoder_model_merged.onnx 55 @ http://localhost:8123/whisper-probe.html:11
[    7351ms] [LOG] [probe] cb progress_total  @ http://localhost:8123/whisper-probe.html:11
[    7351ms] [LOG] [probe] progress onnx/decoder_model_merged.onnx 55 @ http://localhost:8123/whisper-probe.html:11
[    7352ms] [LOG] [probe] cb progress_total  @ http://localhost:8123/whisper-probe.html:11
[    7352ms] [LOG] [probe] progress onnx/decoder_model_merged.onnx 55 @ http://localhost:8123/whisper-probe.html:11
[    7360ms] [LOG] [probe] cb progress_total  @ http://localhost:8123/whisper-probe.html:11
[    7361ms] [LOG] [probe] progress onnx/decoder_model_merged.onnx 55 @ http://localhost:8123/whisper-probe.html:11
[    7362ms] [LOG] [probe] cb progress_total  @ http://localhost:8123/whisper-probe.html:11
[    7362ms] [LOG] [probe] progress onnx/decoder_model_merged.onnx 55 @ http://localhost:8123/whisper-probe.html:11
[    7364ms] [LOG] [probe] cb progress_total  @ http://localhost:8123/whisper-probe.html:11
[    7365ms] [LOG] [probe] progress onnx/decoder_model_merged.onnx 55 @ http://localhost:8123/whisper-probe.html:11
[    7365ms] [LOG] [probe] cb progress_total  @ http://localhost:8123/whisper-probe.html:11
[    7366ms] [LOG] [probe] progress onnx/decoder_model_merged.onnx 55 @ http://localhost:8123/whisper-probe.html:11
[    7366ms] [LOG] [probe] cb progress_total  @ http://localhost:8123/whisper-probe.html:11
[    7366ms] [LOG] [probe] progress onnx/decoder_model_merged.onnx 55 @ http://localhost:8123/whisper-probe.html:11
[    7367ms] [LOG] [probe] cb progress_total  @ http://localhost:8123/whisper-probe.html:11
[    7367ms] [LOG] [probe] progress onnx/decoder_model_merged.onnx 55 @ http://localhost:8123/whisper-probe.html:11
[    7374ms] [LOG] [probe] cb progress_total  @ http://localhost:8123/whisper-probe.html:11
[    7374ms] [LOG] [probe] progress onnx/decoder_model_merged.onnx 55 @ http://localhost:8123/whisper-probe.html:11
[    7376ms] [LOG] [probe] cb progress_total  @ http://localhost:8123/whisper-probe.html:11
[    7376ms] [LOG] [probe] progress onnx/decoder_model_merged.onnx 56 @ http://localhost:8123/whisper-probe.html:11
[    7376ms] [LOG] [probe] cb progress_total  @ http://localhost:8123/whisper-probe.html:11
[    7377ms] [LOG] [probe] progress onnx/decoder_model_merged.onnx 56 @ http://localhost:8123/whisper-probe.html:11
[    7383ms] [LOG] [probe] cb progress_total  @ http://localhost:8123/whisper-probe.html:11
[    7384ms] [LOG] [probe] progress onnx/decoder_model_merged.onnx 56 @ http://localhost:8123/whisper-probe.html:11
[    7385ms] [LOG] [probe] cb progress_total  @ http://localhost:8123/whisper-probe.html:11
[    7385ms] [LOG] [probe] progress onnx/decoder_model_merged.onnx 56 @ http://localhost:8123/whisper-probe.html:11
[    7386ms] [LOG] [probe] cb progress_total  @ http://localhost:8123/whisper-probe.html:11
[    7387ms] [LOG] [probe] progress onnx/decoder_model_merged.onnx 56 @ http://localhost:8123/whisper-probe.html:11
[    7387ms] [LOG] [probe] cb progress_total  @ http://localhost:8123/whisper-probe.html:11
[    7388ms] [LOG] [probe] progress onnx/decoder_model_merged.onnx 56 @ http://localhost:8123/whisper-probe.html:11
[    7391ms] [LOG] [probe] cb progress_total  @ http://localhost:8123/whisper-probe.html:11
[    7392ms] [LOG] [probe] progress onnx/decoder_model_merged.onnx 56 @ http://localhost:8123/whisper-probe.html:11
[    7399ms] [LOG] [probe] cb progress_total  @ http://localhost:8123/whisper-probe.html:11
[    7399ms] [LOG] [probe] progress onnx/decoder_model_merged.onnx 56 @ http://localhost:8123/whisper-probe.html:11
[    7400ms] [LOG] [probe] cb progress_total  @ http://localhost:8123/whisper-probe.html:11
[    7400ms] [LOG] [probe] progress onnx/decoder_model_merged.onnx 56 @ http://localhost:8123/whisper-probe.html:11
[    7401ms] [LOG] [probe] cb progress_total  @ http://localhost:8123/whisper-probe.html:11
[    7401ms] [LOG] [probe] progress onnx/decoder_model_merged.onnx 56 @ http://localhost:8123/whisper-probe.html:11
[    7401ms] [LOG] [probe] cb progress_total  @ http://localhost:8123/whisper-probe.html:11
[    7401ms] [LOG] [probe] progress onnx/decoder_model_merged.onnx 56 @ http://localhost:8123/whisper-probe.html:11
[    7403ms] [LOG] [probe] cb progress_total  @ http://localhost:8123/whisper-probe.html:11
[    7403ms] [LOG] [probe] progress onnx/decoder_model_merged.onnx 57 @ http://localhost:8123/whisper-probe.html:11
[    7404ms] [LOG] [probe] cb progress_total  @ http://localhost:8123/whisper-probe.html:11
[    7404ms] [LOG] [probe] progress onnx/decoder_model_merged.onnx 57 @ http://localhost:8123/whisper-probe.html:11
[    8513ms] [LOG] [probe] cb progress_total  @ http://localhost:8123/whisper-probe.html:11
[    8513ms] [LOG] [probe] progress onnx/decoder_model_merged.onnx 57 @ http://localhost:8123/whisper-probe.html:11
[    8515ms] [LOG] [probe] cb progress_total  @ http://localhost:8123/whisper-probe.html:11
[    8515ms] [LOG] [probe] progress onnx/decoder_model_merged.onnx 58 @ http://localhost:8123/whisper-probe.html:11
[    8515ms] [LOG] [probe] cb progress_total  @ http://localhost:8123/whisper-probe.html:11
[    8516ms] [LOG] [probe] progress onnx/decoder_model_merged.onnx 58 @ http://localhost:8123/whisper-probe.html:11
[    8516ms] [LOG] [probe] cb progress_total  @ http://localhost:8123/whisper-probe.html:11
[    8516ms] [LOG] [probe] progress onnx/decoder_model_merged.onnx 58 @ http://localhost:8123/whisper-probe.html:11
[    8516ms] [LOG] [probe] cb progress_total  @ http://localhost:8123/whisper-probe.html:11
[    8516ms] [LOG] [probe] progress onnx/decoder_model_merged.onnx 58 @ http://localhost:8123/whisper-probe.html:11
[    8519ms] [LOG] [probe] cb progress_total  @ http://localhost:8123/whisper-probe.html:11
[    8519ms] [LOG] [probe] progress onnx/decoder_model_merged.onnx 58 @ http://localhost:8123/whisper-probe.html:11
[    8520ms] [LOG] [probe] cb progress_total  @ http://localhost:8123/whisper-probe.html:11
[    8521ms] [LOG] [probe] progress onnx/decoder_model_merged.onnx 59 @ http://localhost:8123/whisper-probe.html:11
[    8545ms] [LOG] [probe] cb progress_total  @ http://localhost:8123/whisper-probe.html:11
[    8546ms] [LOG] [probe] progress onnx/decoder_model_merged.onnx 59 @ http://localhost:8123/whisper-probe.html:11
[    8547ms] [LOG] [probe] cb progress_total  @ http://localhost:8123/whisper-probe.html:11
[    8547ms] [LOG] [probe] progress onnx/decoder_model_merged.onnx 60 @ http://localhost:8123/whisper-probe.html:11
[    8548ms] [LOG] [probe] cb progress_total  @ http://localhost:8123/whisper-probe.html:11
[    8548ms] [LOG] [probe] progress onnx/decoder_model_merged.onnx 60 @ http://localhost:8123/whisper-probe.html:11
[    8548ms] [LOG] [probe] cb progress_total  @ http://localhost:8123/whisper-probe.html:11
[    8548ms] [LOG] [probe] progress onnx/decoder_model_merged.onnx 60 @ http://localhost:8123/whisper-probe.html:11
[    8550ms] [LOG] [probe] cb progress_total  @ http://localhost:8123/whisper-probe.html:11
[    8550ms] [LOG] [probe] progress onnx/decoder_model_merged.onnx 60 @ http://localhost:8123/whisper-probe.html:11
[    8552ms] [LOG] [probe] cb progress_total  @ http://localhost:8123/whisper-probe.html:11
[    8552ms] [LOG] [probe] progress onnx/decoder_model_merged.onnx 61 @ http://localhost:8123/whisper-probe.html:11
[    8553ms] [LOG] [probe] cb progress_total  @ http://localhost:8123/whisper-probe.html:11
[    8553ms] [LOG] [probe] progress onnx/decoder_model_merged.onnx 61 @ http://localhost:8123/whisper-probe.html:11
[    8553ms] [LOG] [probe] cb progress_total  @ http://localhost:8123/whisper-probe.html:11
[    8553ms] [LOG] [probe] progress onnx/decoder_model_merged.onnx 61 @ http://localhost:8123/whisper-probe.html:11
[    8554ms] [LOG] [probe] cb progress_total  @ http://localhost:8123/whisper-probe.html:11
[    8554ms] [LOG] [probe] progress onnx/decoder_model_merged.onnx 61 @ http://localhost:8123/whisper-probe.html:11
[    8554ms] [LOG] [probe] cb progress_total  @ http://localhost:8123/whisper-probe.html:11
[    8554ms] [LOG] [probe] progress onnx/decoder_model_merged.onnx 61 @ http://localhost:8123/whisper-probe.html:11
[    8554ms] [LOG] [probe] cb progress_total  @ http://localhost:8123/whisper-probe.html:11
[    8554ms] [LOG] [probe] progress onnx/decoder_model_merged.onnx 61 @ http://localhost:8123/whisper-probe.html:11
[    8554ms] [LOG] [probe] cb progress_total  @ http://localhost:8123/whisper-probe.html:11
[    8555ms] [LOG] [probe] progress onnx/decoder_model_merged.onnx 61 @ http://localhost:8123/whisper-probe.html:11
[    8555ms] [LOG] [probe] cb progress_total  @ http://localhost:8123/whisper-probe.html:11
[    8555ms] [LOG] [probe] progress onnx/decoder_model_merged.onnx 61 @ http://localhost:8123/whisper-probe.html:11
[    8555ms] [LOG] [probe] cb progress_total  @ http://localhost:8123/whisper-probe.html:11
[    8555ms] [LOG] [probe] progress onnx/decoder_model_merged.onnx 61 @ http://localhost:8123/whisper-probe.html:11
[    8556ms] [LOG] [probe] cb progress_total  @ http://localhost:8123/whisper-probe.html:11
[    8556ms] [LOG] [probe] progress onnx/decoder_model_merged.onnx 61 @ http://localhost:8123/whisper-probe.html:11
[    8556ms] [LOG] [probe] cb progress_total  @ http://localhost:8123/whisper-probe.html:11
[    8557ms] [LOG] [probe] progress onnx/decoder_model_merged.onnx 61 @ http://localhost:8123/whisper-probe.html:11
[    8557ms] [LOG] [probe] cb progress_total  @ http://localhost:8123/whisper-probe.html:11
[    8557ms] [LOG] [probe] progress onnx/decoder_model_merged.onnx 61 @ http://localhost:8123/whisper-probe.html:11
[    8557ms] [LOG] [probe] cb progress_total  @ http://localhost:8123/whisper-probe.html:11
[    8557ms] [LOG] [probe] progress onnx/decoder_model_merged.onnx 61 @ http://localhost:8123/whisper-probe.html:11
[    8558ms] [LOG] [probe] cb progress_total  @ http://localhost:8123/whisper-probe.html:11
[    8558ms] [LOG] [probe] progress onnx/decoder_model_merged.onnx 62 @ http://localhost:8123/whisper-probe.html:11
[    8558ms] [LOG] [probe] cb progress_total  @ http://localhost:8123/whisper-probe.html:11
[    8558ms] [LOG] [probe] progress onnx/decoder_model_merged.onnx 62 @ http://localhost:8123/whisper-probe.html:11
[    8559ms] [LOG] [probe] cb progress_total  @ http://localhost:8123/whisper-probe.html:11
[    8559ms] [LOG] [probe] progress onnx/decoder_model_merged.onnx 62 @ http://localhost:8123/whisper-probe.html:11
[    8559ms] [LOG] [probe] cb progress_total  @ http://localhost:8123/whisper-probe.html:11
[    8559ms] [LOG] [probe] progress onnx/decoder_model_merged.onnx 62 @ http://localhost:8123/whisper-probe.html:11
[    8560ms] [LOG] [probe] cb progress_total  @ http://localhost:8123/whisper-probe.html:11
[    8560ms] [LOG] [probe] progress onnx/decoder_model_merged.onnx 62 @ http://localhost:8123/whisper-probe.html:11
[    8561ms] [LOG] [probe] cb progress_total  @ http://localhost:8123/whisper-probe.html:11
[    8561ms] [LOG] [probe] progress onnx/decoder_model_merged.onnx 62 @ http://localhost:8123/whisper-probe.html:11
[    8561ms] [LOG] [probe] cb progress_total  @ http://localhost:8123/whisper-probe.html:11
[    8562ms] [LOG] [probe] progress onnx/decoder_model_merged.onnx 62 @ http://localhost:8123/whisper-probe.html:11
[    8562ms] [LOG] [probe] cb progress_total  @ http://localhost:8123/whisper-probe.html:11
[    8562ms] [LOG] [probe] progress onnx/decoder_model_merged.onnx 62 @ http://localhost:8123/whisper-probe.html:11
[    8565ms] [LOG] [probe] cb progress_total  @ http://localhost:8123/whisper-probe.html:11
[    8566ms] [LOG] [probe] progress onnx/decoder_model_merged.onnx 62 @ http://localhost:8123/whisper-probe.html:11
[    8567ms] [LOG] [probe] cb progress_total  @ http://localhost:8123/whisper-probe.html:11
[    8568ms] [LOG] [probe] progress onnx/decoder_model_merged.onnx 63 @ http://localhost:8123/whisper-probe.html:11
[    8568ms] [LOG] [probe] cb progress_total  @ http://localhost:8123/whisper-probe.html:11
[    8569ms] [LOG] [probe] progress onnx/decoder_model_merged.onnx 63 @ http://localhost:8123/whisper-probe.html:11
[    8569ms] [LOG] [probe] cb progress_total  @ http://localhost:8123/whisper-probe.html:11
[    8569ms] [LOG] [probe] progress onnx/decoder_model_merged.onnx 63 @ http://localhost:8123/whisper-probe.html:11
[    8569ms] [LOG] [probe] cb progress_total  @ http://localhost:8123/whisper-probe.html:11
[    8570ms] [LOG] [probe] progress onnx/decoder_model_merged.onnx 63 @ http://localhost:8123/whisper-probe.html:11
[    8570ms] [LOG] [probe] cb progress_total  @ http://localhost:8123/whisper-probe.html:11
[    8571ms] [LOG] [probe] progress onnx/decoder_model_merged.onnx 63 @ http://localhost:8123/whisper-probe.html:11
[    8743ms] [LOG] [probe] cb progress_total  @ http://localhost:8123/whisper-probe.html:11
[    8743ms] [LOG] [probe] progress onnx/decoder_model_merged.onnx 63 @ http://localhost:8123/whisper-probe.html:11
[    8744ms] [LOG] [probe] cb progress_total  @ http://localhost:8123/whisper-probe.html:11
[    8744ms] [LOG] [probe] progress onnx/decoder_model_merged.onnx 63 @ http://localhost:8123/whisper-probe.html:11
[    8873ms] [LOG] [probe] cb progress_total  @ http://localhost:8123/whisper-probe.html:11
[    8874ms] [LOG] [probe] progress onnx/decoder_model_merged.onnx 63 @ http://localhost:8123/whisper-probe.html:11
[    8875ms] [LOG] [probe] cb progress_total  @ http://localhost:8123/whisper-probe.html:11
[    8875ms] [LOG] [probe] progress onnx/decoder_model_merged.onnx 63 @ http://localhost:8123/whisper-probe.html:11
[    8889ms] [LOG] [probe] cb progress_total  @ http://localhost:8123/whisper-probe.html:11
[    8890ms] [LOG] [probe] progress onnx/decoder_model_merged.onnx 63 @ http://localhost:8123/whisper-probe.html:11
[    8890ms] [LOG] [probe] cb progress_total  @ http://localhost:8123/whisper-probe.html:11
[    8890ms] [LOG] [probe] progress onnx/decoder_model_merged.onnx 63 @ http://localhost:8123/whisper-probe.html:11
[    8892ms] [LOG] [probe] cb progress_total  @ http://localhost:8123/whisper-probe.html:11
[    8892ms] [LOG] [probe] progress onnx/decoder_model_merged.onnx 64 @ http://localhost:8123/whisper-probe.html:11
[    8893ms] [LOG] [probe] cb progress_total  @ http://localhost:8123/whisper-probe.html:11
[    8893ms] [LOG] [probe] progress onnx/decoder_model_merged.onnx 64 @ http://localhost:8123/whisper-probe.html:11
[    8893ms] [LOG] [probe] cb progress_total  @ http://localhost:8123/whisper-probe.html:11
[    8893ms] [LOG] [probe] progress onnx/decoder_model_merged.onnx 64 @ http://localhost:8123/whisper-probe.html:11
[    8901ms] [LOG] [probe] cb progress_total  @ http://localhost:8123/whisper-probe.html:11
[    8902ms] [LOG] [probe] progress onnx/decoder_model_merged.onnx 64 @ http://localhost:8123/whisper-probe.html:11
[    8902ms] [LOG] [probe] cb progress_total  @ http://localhost:8123/whisper-probe.html:11
[    8902ms] [LOG] [probe] progress onnx/decoder_model_merged.onnx 64 @ http://localhost:8123/whisper-probe.html:11
[    8903ms] [LOG] [probe] cb progress_total  @ http://localhost:8123/whisper-probe.html:11
[    8903ms] [LOG] [probe] progress onnx/decoder_model_merged.onnx 64 @ http://localhost:8123/whisper-probe.html:11
[    8903ms] [LOG] [probe] cb progress_total  @ http://localhost:8123/whisper-probe.html:11
[    8904ms] [LOG] [probe] progress onnx/decoder_model_merged.onnx 64 @ http://localhost:8123/whisper-probe.html:11
[    8909ms] [LOG] [probe] cb progress_total  @ http://localhost:8123/whisper-probe.html:11
[    8910ms] [LOG] [probe] progress onnx/decoder_model_merged.onnx 64 @ http://localhost:8123/whisper-probe.html:11
[    8910ms] [LOG] [probe] cb progress_total  @ http://localhost:8123/whisper-probe.html:11
[    8910ms] [LOG] [probe] progress onnx/decoder_model_merged.onnx 64 @ http://localhost:8123/whisper-probe.html:11
[    8911ms] [LOG] [probe] cb progress_total  @ http://localhost:8123/whisper-probe.html:11
[    8911ms] [LOG] [probe] progress onnx/decoder_model_merged.onnx 64 @ http://localhost:8123/whisper-probe.html:11
[    8911ms] [LOG] [probe] cb progress_total  @ http://localhost:8123/whisper-probe.html:11
[    8912ms] [LOG] [probe] progress onnx/decoder_model_merged.onnx 64 @ http://localhost:8123/whisper-probe.html:11
[    8914ms] [LOG] [probe] cb progress_total  @ http://localhost:8123/whisper-probe.html:11
[    8914ms] [LOG] [probe] progress onnx/decoder_model_merged.onnx 64 @ http://localhost:8123/whisper-probe.html:11
[    8914ms] [LOG] [probe] cb progress_total  @ http://localhost:8123/whisper-probe.html:11
[    8915ms] [LOG] [probe] progress onnx/decoder_model_merged.onnx 64 @ http://localhost:8123/whisper-probe.html:11
[    8923ms] [LOG] [probe] cb progress_total  @ http://localhost:8123/whisper-probe.html:11
[    8923ms] [LOG] [probe] progress onnx/decoder_model_merged.onnx 64 @ http://localhost:8123/whisper-probe.html:11
[    8924ms] [LOG] [probe] cb progress_total  @ http://localhost:8123/whisper-probe.html:11
[    8924ms] [LOG] [probe] progress onnx/decoder_model_merged.onnx 64 @ http://localhost:8123/whisper-probe.html:11
[    8924ms] [LOG] [probe] cb progress_total  @ http://localhost:8123/whisper-probe.html:11
[    8925ms] [LOG] [probe] progress onnx/decoder_model_merged.onnx 64 @ http://localhost:8123/whisper-probe.html:11
[    8925ms] [LOG] [probe] cb progress_total  @ http://localhost:8123/whisper-probe.html:11
[    8925ms] [LOG] [probe] progress onnx/decoder_model_merged.onnx 64 @ http://localhost:8123/whisper-probe.html:11
[    8926ms] [LOG] [probe] cb progress_total  @ http://localhost:8123/whisper-probe.html:11
[    8926ms] [LOG] [probe] progress onnx/decoder_model_merged.onnx 64 @ http://localhost:8123/whisper-probe.html:11
[    8931ms] [LOG] [probe] cb progress_total  @ http://localhost:8123/whisper-probe.html:11
[    8931ms] [LOG] [probe] progress onnx/decoder_model_merged.onnx 64 @ http://localhost:8123/whisper-probe.html:11
[    8931ms] [LOG] [probe] cb progress_total  @ http://localhost:8123/whisper-probe.html:11
[    8932ms] [LOG] [probe] progress onnx/decoder_model_merged.onnx 64 @ http://localhost:8123/whisper-probe.html:11
[    8971ms] [LOG] [probe] cb progress_total  @ http://localhost:8123/whisper-probe.html:11
[    8971ms] [LOG] [probe] progress onnx/decoder_model_merged.onnx 64 @ http://localhost:8123/whisper-probe.html:11
[    8971ms] [LOG] [probe] cb progress_total  @ http://localhost:8123/whisper-probe.html:11
[    8972ms] [LOG] [probe] progress onnx/decoder_model_merged.onnx 64 @ http://localhost:8123/whisper-probe.html:11
[    8980ms] [LOG] [probe] cb progress_total  @ http://localhost:8123/whisper-probe.html:11
[    8980ms] [LOG] [probe] progress onnx/decoder_model_merged.onnx 64 @ http://localhost:8123/whisper-probe.html:11
[    8981ms] [LOG] [probe] cb progress_total  @ http://localhost:8123/whisper-probe.html:11
[    8981ms] [LOG] [probe] progress onnx/decoder_model_merged.onnx 64 @ http://localhost:8123/whisper-probe.html:11
[    8981ms] [LOG] [probe] cb progress_total  @ http://localhost:8123/whisper-probe.html:11
[    8982ms] [LOG] [probe] progress onnx/decoder_model_merged.onnx 65 @ http://localhost:8123/whisper-probe.html:11
[    8989ms] [LOG] [probe] cb progress_total  @ http://localhost:8123/whisper-probe.html:11
[    8989ms] [LOG] [probe] progress onnx/decoder_model_merged.onnx 65 @ http://localhost:8123/whisper-probe.html:11
[    8990ms] [LOG] [probe] cb progress_total  @ http://localhost:8123/whisper-probe.html:11
[    8990ms] [LOG] [probe] progress onnx/decoder_model_merged.onnx 65 @ http://localhost:8123/whisper-probe.html:11
[    8990ms] [LOG] [probe] cb progress_total  @ http://localhost:8123/whisper-probe.html:11
[    8990ms] [LOG] [probe] progress onnx/decoder_model_merged.onnx 65 @ http://localhost:8123/whisper-probe.html:11
[    8991ms] [LOG] [probe] cb progress_total  @ http://localhost:8123/whisper-probe.html:11
[    8992ms] [LOG] [probe] progress onnx/decoder_model_merged.onnx 65 @ http://localhost:8123/whisper-probe.html:11
[    8992ms] [LOG] [probe] cb progress_total  @ http://localhost:8123/whisper-probe.html:11
[    8992ms] [LOG] [probe] progress onnx/decoder_model_merged.onnx 65 @ http://localhost:8123/whisper-probe.html:11
[    8993ms] [LOG] [probe] cb progress_total  @ http://localhost:8123/whisper-probe.html:11
[    8993ms] [LOG] [probe] progress onnx/decoder_model_merged.onnx 65 @ http://localhost:8123/whisper-probe.html:11
[    9002ms] [LOG] [probe] cb progress_total  @ http://localhost:8123/whisper-probe.html:11
[    9002ms] [LOG] [probe] progress onnx/decoder_model_merged.onnx 65 @ http://localhost:8123/whisper-probe.html:11
[    9003ms] [LOG] [probe] cb progress_total  @ http://localhost:8123/whisper-probe.html:11
[    9003ms] [LOG] [probe] progress onnx/decoder_model_merged.onnx 65 @ http://localhost:8123/whisper-probe.html:11
[    9009ms] [LOG] [probe] cb progress_total  @ http://localhost:8123/whisper-probe.html:11
[    9010ms] [LOG] [probe] progress onnx/decoder_model_merged.onnx 65 @ http://localhost:8123/whisper-probe.html:11
[    9010ms] [LOG] [probe] cb progress_total  @ http://localhost:8123/whisper-probe.html:11
[    9011ms] [LOG] [probe] progress onnx/decoder_model_merged.onnx 65 @ http://localhost:8123/whisper-probe.html:11
[    9012ms] [LOG] [probe] cb progress_total  @ http://localhost:8123/whisper-probe.html:11
[    9012ms] [LOG] [probe] progress onnx/decoder_model_merged.onnx 65 @ http://localhost:8123/whisper-probe.html:11
[    9013ms] [LOG] [probe] cb progress_total  @ http://localhost:8123/whisper-probe.html:11
[    9014ms] [LOG] [probe] progress onnx/decoder_model_merged.onnx 65 @ http://localhost:8123/whisper-probe.html:11
[    9015ms] [LOG] [probe] cb progress_total  @ http://localhost:8123/whisper-probe.html:11
[    9015ms] [LOG] [probe] progress onnx/decoder_model_merged.onnx 65 @ http://localhost:8123/whisper-probe.html:11
[    9016ms] [LOG] [probe] cb progress_total  @ http://localhost:8123/whisper-probe.html:11
[    9016ms] [LOG] [probe] progress onnx/decoder_model_merged.onnx 65 @ http://localhost:8123/whisper-probe.html:11
[    9020ms] [LOG] [probe] cb progress_total  @ http://localhost:8123/whisper-probe.html:11
[    9020ms] [LOG] [probe] progress onnx/decoder_model_merged.onnx 65 @ http://localhost:8123/whisper-probe.html:11
[    9021ms] [LOG] [probe] cb progress_total  @ http://localhost:8123/whisper-probe.html:11
[    9022ms] [LOG] [probe] progress onnx/decoder_model_merged.onnx 66 @ http://localhost:8123/whisper-probe.html:11
[    9022ms] [LOG] [probe] cb progress_total  @ http://localhost:8123/whisper-probe.html:11
[    9023ms] [LOG] [probe] progress onnx/decoder_model_merged.onnx 66 @ http://localhost:8123/whisper-probe.html:11
[    9023ms] [LOG] [probe] cb progress_total  @ http://localhost:8123/whisper-probe.html:11
[    9023ms] [LOG] [probe] progress onnx/decoder_model_merged.onnx 66 @ http://localhost:8123/whisper-probe.html:11
[    9025ms] [LOG] [probe] cb progress_total  @ http://localhost:8123/whisper-probe.html:11
[    9026ms] [LOG] [probe] progress onnx/decoder_model_merged.onnx 66 @ http://localhost:8123/whisper-probe.html:11
[    9026ms] [LOG] [probe] cb progress_total  @ http://localhost:8123/whisper-probe.html:11
[    9026ms] [LOG] [probe] progress onnx/decoder_model_merged.onnx 66 @ http://localhost:8123/whisper-probe.html:11
[    9027ms] [LOG] [probe] cb progress_total  @ http://localhost:8123/whisper-probe.html:11
[    9027ms] [LOG] [probe] progress onnx/decoder_model_merged.onnx 66 @ http://localhost:8123/whisper-probe.html:11
[    9028ms] [LOG] [probe] cb progress_total  @ http://localhost:8123/whisper-probe.html:11
[    9028ms] [LOG] [probe] progress onnx/decoder_model_merged.onnx 67 @ http://localhost:8123/whisper-probe.html:11
[    9029ms] [LOG] [probe] cb progress_total  @ http://localhost:8123/whisper-probe.html:11
[    9029ms] [LOG] [probe] progress onnx/decoder_model_merged.onnx 67 @ http://localhost:8123/whisper-probe.html:11
[    9029ms] [LOG] [probe] cb progress_total  @ http://localhost:8123/whisper-probe.html:11
[    9030ms] [LOG] [probe] progress onnx/decoder_model_merged.onnx 67 @ http://localhost:8123/whisper-probe.html:11
[    9030ms] [LOG] [probe] cb progress_total  @ http://localhost:8123/whisper-probe.html:11
[    9031ms] [LOG] [probe] progress onnx/decoder_model_merged.onnx 67 @ http://localhost:8123/whisper-probe.html:11
[    9031ms] [LOG] [probe] cb progress_total  @ http://localhost:8123/whisper-probe.html:11
[    9032ms] [LOG] [probe] progress onnx/decoder_model_merged.onnx 67 @ http://localhost:8123/whisper-probe.html:11
[    9032ms] [LOG] [probe] cb progress_total  @ http://localhost:8123/whisper-probe.html:11
[    9032ms] [LOG] [probe] progress onnx/decoder_model_merged.onnx 67 @ http://localhost:8123/whisper-probe.html:11
[    9033ms] [LOG] [probe] cb progress_total  @ http://localhost:8123/whisper-probe.html:11
[    9033ms] [LOG] [probe] progress onnx/decoder_model_merged.onnx 67 @ http://localhost:8123/whisper-probe.html:11
[    9033ms] [LOG] [probe] cb progress_total  @ http://localhost:8123/whisper-probe.html:11
[    9034ms] [LOG] [probe] progress onnx/decoder_model_merged.onnx 67 @ http://localhost:8123/whisper-probe.html:11
[    9034ms] [LOG] [probe] cb progress_total  @ http://localhost:8123/whisper-probe.html:11
[    9034ms] [LOG] [probe] progress onnx/decoder_model_merged.onnx 67 @ http://localhost:8123/whisper-probe.html:11
[    9035ms] [LOG] [probe] cb progress_total  @ http://localhost:8123/whisper-probe.html:11
[    9035ms] [LOG] [probe] progress onnx/decoder_model_merged.onnx 67 @ http://localhost:8123/whisper-probe.html:11
[    9035ms] [LOG] [probe] cb progress_total  @ http://localhost:8123/whisper-probe.html:11
[    9035ms] [LOG] [probe] progress onnx/decoder_model_merged.onnx 67 @ http://localhost:8123/whisper-probe.html:11
[    9036ms] [LOG] [probe] cb progress_total  @ http://localhost:8123/whisper-probe.html:11
[    9036ms] [LOG] [probe] progress onnx/decoder_model_merged.onnx 67 @ http://localhost:8123/whisper-probe.html:11
[    9036ms] [LOG] [probe] cb progress_total  @ http://localhost:8123/whisper-probe.html:11
[    9037ms] [LOG] [probe] progress onnx/decoder_model_merged.onnx 67 @ http://localhost:8123/whisper-probe.html:11
[    9037ms] [LOG] [probe] cb progress_total  @ http://localhost:8123/whisper-probe.html:11
[    9037ms] [LOG] [probe] progress onnx/decoder_model_merged.onnx 67 @ http://localhost:8123/whisper-probe.html:11
[    9038ms] [LOG] [probe] cb progress_total  @ http://localhost:8123/whisper-probe.html:11
[    9038ms] [LOG] [probe] progress onnx/decoder_model_merged.onnx 67 @ http://localhost:8123/whisper-probe.html:11
[    9038ms] [LOG] [probe] cb progress_total  @ http://localhost:8123/whisper-probe.html:11
[    9038ms] [LOG] [probe] progress onnx/decoder_model_merged.onnx 68 @ http://localhost:8123/whisper-probe.html:11
[    9039ms] [LOG] [probe] cb progress_total  @ http://localhost:8123/whisper-probe.html:11
[    9039ms] [LOG] [probe] progress onnx/decoder_model_merged.onnx 68 @ http://localhost:8123/whisper-probe.html:11
[    9040ms] [LOG] [probe] cb progress_total  @ http://localhost:8123/whisper-probe.html:11
[    9040ms] [LOG] [probe] progress onnx/decoder_model_merged.onnx 68 @ http://localhost:8123/whisper-probe.html:11
[    9041ms] [LOG] [probe] cb progress_total  @ http://localhost:8123/whisper-probe.html:11
[    9041ms] [LOG] [probe] progress onnx/decoder_model_merged.onnx 68 @ http://localhost:8123/whisper-probe.html:11
[    9043ms] [LOG] [probe] cb progress_total  @ http://localhost:8123/whisper-probe.html:11
[    9043ms] [LOG] [probe] progress onnx/decoder_model_merged.onnx 68 @ http://localhost:8123/whisper-probe.html:11
[    9043ms] [LOG] [probe] cb progress_total  @ http://localhost:8123/whisper-probe.html:11
[    9044ms] [LOG] [probe] progress onnx/decoder_model_merged.onnx 68 @ http://localhost:8123/whisper-probe.html:11
[    9048ms] [LOG] [probe] cb progress_total  @ http://localhost:8123/whisper-probe.html:11
[    9049ms] [LOG] [probe] progress onnx/decoder_model_merged.onnx 68 @ http://localhost:8123/whisper-probe.html:11
[    9050ms] [LOG] [probe] cb progress_total  @ http://localhost:8123/whisper-probe.html:11
[    9050ms] [LOG] [probe] progress onnx/decoder_model_merged.onnx 68 @ http://localhost:8123/whisper-probe.html:11
[    9051ms] [LOG] [probe] cb progress_total  @ http://localhost:8123/whisper-probe.html:11
[    9051ms] [LOG] [probe] progress onnx/decoder_model_merged.onnx 68 @ http://localhost:8123/whisper-probe.html:11
[    9053ms] [LOG] [probe] cb progress_total  @ http://localhost:8123/whisper-probe.html:11
[    9053ms] [LOG] [probe] progress onnx/decoder_model_merged.onnx 68 @ http://localhost:8123/whisper-probe.html:11
[    9054ms] [LOG] [probe] cb progress_total  @ http://localhost:8123/whisper-probe.html:11
[    9055ms] [LOG] [probe] progress onnx/decoder_model_merged.onnx 69 @ http://localhost:8123/whisper-probe.html:11
[    9055ms] [LOG] [probe] cb progress_total  @ http://localhost:8123/whisper-probe.html:11
[    9055ms] [LOG] [probe] progress onnx/decoder_model_merged.onnx 69 @ http://localhost:8123/whisper-probe.html:11
[    9058ms] [LOG] [probe] cb progress_total  @ http://localhost:8123/whisper-probe.html:11
[    9059ms] [LOG] [probe] progress onnx/decoder_model_merged.onnx 69 @ http://localhost:8123/whisper-probe.html:11
[    9060ms] [LOG] [probe] cb progress_total  @ http://localhost:8123/whisper-probe.html:11
[    9060ms] [LOG] [probe] progress onnx/decoder_model_merged.onnx 69 @ http://localhost:8123/whisper-probe.html:11
[    9060ms] [LOG] [probe] cb progress_total  @ http://localhost:8123/whisper-probe.html:11
[    9061ms] [LOG] [probe] progress onnx/decoder_model_merged.onnx 69 @ http://localhost:8123/whisper-probe.html:11
[    9062ms] [LOG] [probe] cb progress_total  @ http://localhost:8123/whisper-probe.html:11
[    9062ms] [LOG] [probe] progress onnx/decoder_model_merged.onnx 69 @ http://localhost:8123/whisper-probe.html:11
[    9063ms] [LOG] [probe] cb progress_total  @ http://localhost:8123/whisper-probe.html:11
[    9063ms] [LOG] [probe] progress onnx/decoder_model_merged.onnx 70 @ http://localhost:8123/whisper-probe.html:11
[    9063ms] [LOG] [probe] cb progress_total  @ http://localhost:8123/whisper-probe.html:11
[    9064ms] [LOG] [probe] progress onnx/decoder_model_merged.onnx 70 @ http://localhost:8123/whisper-probe.html:11
[    9069ms] [LOG] [probe] cb progress_total  @ http://localhost:8123/whisper-probe.html:11
[    9069ms] [LOG] [probe] progress onnx/decoder_model_merged.onnx 70 @ http://localhost:8123/whisper-probe.html:11
[    9071ms] [LOG] [probe] cb progress_total  @ http://localhost:8123/whisper-probe.html:11
[    9072ms] [LOG] [probe] progress onnx/decoder_model_merged.onnx 70 @ http://localhost:8123/whisper-probe.html:11
[    9073ms] [LOG] [probe] cb progress_total  @ http://localhost:8123/whisper-probe.html:11
[    9073ms] [LOG] [probe] progress onnx/decoder_model_merged.onnx 70 @ http://localhost:8123/whisper-probe.html:11
[    9074ms] [LOG] [probe] cb progress_total  @ http://localhost:8123/whisper-probe.html:11
[    9074ms] [LOG] [probe] progress onnx/decoder_model_merged.onnx 70 @ http://localhost:8123/whisper-probe.html:11
[    9077ms] [LOG] [probe] cb progress_total  @ http://localhost:8123/whisper-probe.html:11
[    9078ms] [LOG] [probe] progress onnx/decoder_model_merged.onnx 70 @ http://localhost:8123/whisper-probe.html:11
[    9078ms] [LOG] [probe] cb progress_total  @ http://localhost:8123/whisper-probe.html:11
[    9078ms] [LOG] [probe] progress onnx/decoder_model_merged.onnx 70 @ http://localhost:8123/whisper-probe.html:11
[    9078ms] [LOG] [probe] cb progress_total  @ http://localhost:8123/whisper-probe.html:11
[    9079ms] [LOG] [probe] progress onnx/decoder_model_merged.onnx 70 @ http://localhost:8123/whisper-probe.html:11
[    9079ms] [LOG] [probe] cb progress_total  @ http://localhost:8123/whisper-probe.html:11
[    9079ms] [LOG] [probe] progress onnx/decoder_model_merged.onnx 70 @ http://localhost:8123/whisper-probe.html:11
[    9080ms] [LOG] [probe] cb progress_total  @ http://localhost:8123/whisper-probe.html:11
[    9080ms] [LOG] [probe] progress onnx/decoder_model_merged.onnx 70 @ http://localhost:8123/whisper-probe.html:11
[    9080ms] [LOG] [probe] cb progress_total  @ http://localhost:8123/whisper-probe.html:11
[    9081ms] [LOG] [probe] progress onnx/decoder_model_merged.onnx 71 @ http://localhost:8123/whisper-probe.html:11
[    9081ms] [LOG] [probe] cb progress_total  @ http://localhost:8123/whisper-probe.html:11
[    9081ms] [LOG] [probe] progress onnx/decoder_model_merged.onnx 71 @ http://localhost:8123/whisper-probe.html:11
[    9082ms] [LOG] [probe] cb progress_total  @ http://localhost:8123/whisper-probe.html:11
[    9082ms] [LOG] [probe] progress onnx/decoder_model_merged.onnx 71 @ http://localhost:8123/whisper-probe.html:11
[    9083ms] [LOG] [probe] cb progress_total  @ http://localhost:8123/whisper-probe.html:11
[    9083ms] [LOG] [probe] progress onnx/decoder_model_merged.onnx 71 @ http://localhost:8123/whisper-probe.html:11
[    9084ms] [LOG] [probe] cb progress_total  @ http://localhost:8123/whisper-probe.html:11
[    9085ms] [LOG] [probe] progress onnx/decoder_model_merged.onnx 71 @ http://localhost:8123/whisper-probe.html:11
[    9085ms] [LOG] [probe] cb progress_total  @ http://localhost:8123/whisper-probe.html:11
[    9085ms] [LOG] [probe] progress onnx/decoder_model_merged.onnx 71 @ http://localhost:8123/whisper-probe.html:11
[    9086ms] [LOG] [probe] cb progress_total  @ http://localhost:8123/whisper-probe.html:11
[    9086ms] [LOG] [probe] progress onnx/decoder_model_merged.onnx 71 @ http://localhost:8123/whisper-probe.html:11
[    9086ms] [LOG] [probe] cb progress_total  @ http://localhost:8123/whisper-probe.html:11
[    9086ms] [LOG] [probe] progress onnx/decoder_model_merged.onnx 71 @ http://localhost:8123/whisper-probe.html:11
[    9087ms] [LOG] [probe] cb progress_total  @ http://localhost:8123/whisper-probe.html:11
[    9088ms] [LOG] [probe] progress onnx/decoder_model_merged.onnx 71 @ http://localhost:8123/whisper-probe.html:11
[    9088ms] [LOG] [probe] cb progress_total  @ http://localhost:8123/whisper-probe.html:11
[    9089ms] [LOG] [probe] progress onnx/decoder_model_merged.onnx 72 @ http://localhost:8123/whisper-probe.html:11
[    9089ms] [LOG] [probe] cb progress_total  @ http://localhost:8123/whisper-probe.html:11
[    9089ms] [LOG] [probe] progress onnx/decoder_model_merged.onnx 72 @ http://localhost:8123/whisper-probe.html:11
[    9091ms] [LOG] [probe] cb progress_total  @ http://localhost:8123/whisper-probe.html:11
[    9091ms] [LOG] [probe] progress onnx/decoder_model_merged.onnx 72 @ http://localhost:8123/whisper-probe.html:11
[    9092ms] [LOG] [probe] cb progress_total  @ http://localhost:8123/whisper-probe.html:11
[    9092ms] [LOG] [probe] progress onnx/decoder_model_merged.onnx 72 @ http://localhost:8123/whisper-probe.html:11
[    9093ms] [LOG] [probe] cb progress_total  @ http://localhost:8123/whisper-probe.html:11
[    9093ms] [LOG] [probe] progress onnx/decoder_model_merged.onnx 72 @ http://localhost:8123/whisper-probe.html:11
[    9094ms] [LOG] [probe] cb progress_total  @ http://localhost:8123/whisper-probe.html:11
[    9094ms] [LOG] [probe] progress onnx/decoder_model_merged.onnx 72 @ http://localhost:8123/whisper-probe.html:11
[    9095ms] [LOG] [probe] cb progress_total  @ http://localhost:8123/whisper-probe.html:11
[    9095ms] [LOG] [probe] progress onnx/decoder_model_merged.onnx 73 @ http://localhost:8123/whisper-probe.html:11
[    9095ms] [LOG] [probe] cb progress_total  @ http://localhost:8123/whisper-probe.html:11
[    9095ms] [LOG] [probe] progress onnx/decoder_model_merged.onnx 73 @ http://localhost:8123/whisper-probe.html:11
[    9096ms] [LOG] [probe] cb progress_total  @ http://localhost:8123/whisper-probe.html:11
[    9097ms] [LOG] [probe] progress onnx/decoder_model_merged.onnx 73 @ http://localhost:8123/whisper-probe.html:11
[    9097ms] [LOG] [probe] cb progress_total  @ http://localhost:8123/whisper-probe.html:11
[    9097ms] [LOG] [probe] progress onnx/decoder_model_merged.onnx 73 @ http://localhost:8123/whisper-probe.html:11
[    9098ms] [LOG] [probe] cb progress_total  @ http://localhost:8123/whisper-probe.html:11
[    9098ms] [LOG] [probe] progress onnx/decoder_model_merged.onnx 73 @ http://localhost:8123/whisper-probe.html:11
[    9098ms] [LOG] [probe] cb progress_total  @ http://localhost:8123/whisper-probe.html:11
[    9098ms] [LOG] [probe] progress onnx/decoder_model_merged.onnx 73 @ http://localhost:8123/whisper-probe.html:11
[    9099ms] [LOG] [probe] cb progress_total  @ http://localhost:8123/whisper-probe.html:11
[    9099ms] [LOG] [probe] progress onnx/decoder_model_merged.onnx 73 @ http://localhost:8123/whisper-probe.html:11
[    9099ms] [LOG] [probe] cb progress_total  @ http://localhost:8123/whisper-probe.html:11
[    9100ms] [LOG] [probe] progress onnx/decoder_model_merged.onnx 73 @ http://localhost:8123/whisper-probe.html:11
[    9101ms] [LOG] [probe] cb progress_total  @ http://localhost:8123/whisper-probe.html:11
[    9101ms] [LOG] [probe] progress onnx/decoder_model_merged.onnx 73 @ http://localhost:8123/whisper-probe.html:11
[    9101ms] [LOG] [probe] cb progress_total  @ http://localhost:8123/whisper-probe.html:11
[    9101ms] [LOG] [probe] progress onnx/decoder_model_merged.onnx 73 @ http://localhost:8123/whisper-probe.html:11
[    9102ms] [LOG] [probe] cb progress_total  @ http://localhost:8123/whisper-probe.html:11
[    9102ms] [LOG] [probe] progress onnx/decoder_model_merged.onnx 73 @ http://localhost:8123/whisper-probe.html:11
[    9102ms] [LOG] [probe] cb progress_total  @ http://localhost:8123/whisper-probe.html:11
[    9102ms] [LOG] [probe] progress onnx/decoder_model_merged.onnx 73 @ http://localhost:8123/whisper-probe.html:11
[    9103ms] [LOG] [probe] cb progress_total  @ http://localhost:8123/whisper-probe.html:11
[    9103ms] [LOG] [probe] progress onnx/decoder_model_merged.onnx 73 @ http://localhost:8123/whisper-probe.html:11
[    9106ms] [LOG] [probe] cb progress_total  @ http://localhost:8123/whisper-probe.html:11
[    9107ms] [LOG] [probe] progress onnx/decoder_model_merged.onnx 74 @ http://localhost:8123/whisper-probe.html:11
[    9107ms] [LOG] [probe] cb progress_total  @ http://localhost:8123/whisper-probe.html:11
[    9108ms] [LOG] [probe] progress onnx/decoder_model_merged.onnx 74 @ http://localhost:8123/whisper-probe.html:11
[    9108ms] [LOG] [probe] cb progress_total  @ http://localhost:8123/whisper-probe.html:11
[    9109ms] [LOG] [probe] progress onnx/decoder_model_merged.onnx 74 @ http://localhost:8123/whisper-probe.html:11
[    9109ms] [LOG] [probe] cb progress_total  @ http://localhost:8123/whisper-probe.html:11
[    9109ms] [LOG] [probe] progress onnx/decoder_model_merged.onnx 74 @ http://localhost:8123/whisper-probe.html:11
[    9117ms] [LOG] [probe] cb progress_total  @ http://localhost:8123/whisper-probe.html:11
[    9120ms] [LOG] [probe] progress onnx/decoder_model_merged.onnx 74 @ http://localhost:8123/whisper-probe.html:11
[    9121ms] [LOG] [probe] cb progress_total  @ http://localhost:8123/whisper-probe.html:11
[    9121ms] [LOG] [probe] progress onnx/decoder_model_merged.onnx 74 @ http://localhost:8123/whisper-probe.html:11
[    9123ms] [LOG] [probe] cb progress_total  @ http://localhost:8123/whisper-probe.html:11
[    9124ms] [LOG] [probe] progress onnx/decoder_model_merged.onnx 74 @ http://localhost:8123/whisper-probe.html:11
[    9125ms] [LOG] [probe] cb progress_total  @ http://localhost:8123/whisper-probe.html:11
[    9126ms] [LOG] [probe] progress onnx/decoder_model_merged.onnx 75 @ http://localhost:8123/whisper-probe.html:11
[    9126ms] [LOG] [probe] cb progress_total  @ http://localhost:8123/whisper-probe.html:11
[    9126ms] [LOG] [probe] progress onnx/decoder_model_merged.onnx 75 @ http://localhost:8123/whisper-probe.html:11
[    9128ms] [LOG] [probe] cb progress_total  @ http://localhost:8123/whisper-probe.html:11
[    9128ms] [LOG] [probe] progress onnx/decoder_model_merged.onnx 75 @ http://localhost:8123/whisper-probe.html:11
[    9130ms] [LOG] [probe] cb progress_total  @ http://localhost:8123/whisper-probe.html:11
[    9130ms] [LOG] [probe] progress onnx/decoder_model_merged.onnx 76 @ http://localhost:8123/whisper-probe.html:11
[    9131ms] [LOG] [probe] cb progress_total  @ http://localhost:8123/whisper-probe.html:11
[    9131ms] [LOG] [probe] progress onnx/decoder_model_merged.onnx 76 @ http://localhost:8123/whisper-probe.html:11
[    9132ms] [LOG] [probe] cb progress_total  @ http://localhost:8123/whisper-probe.html:11
[    9133ms] [LOG] [probe] progress onnx/decoder_model_merged.onnx 76 @ http://localhost:8123/whisper-probe.html:11
[    9133ms] [LOG] [probe] cb progress_total  @ http://localhost:8123/whisper-probe.html:11
[    9133ms] [LOG] [probe] progress onnx/decoder_model_merged.onnx 76 @ http://localhost:8123/whisper-probe.html:11
[    9135ms] [LOG] [probe] cb progress_total  @ http://localhost:8123/whisper-probe.html:11
[    9135ms] [LOG] [probe] progress onnx/decoder_model_merged.onnx 77 @ http://localhost:8123/whisper-probe.html:11
[    9135ms] [LOG] [probe] cb progress_total  @ http://localhost:8123/whisper-probe.html:11
[    9136ms] [LOG] [probe] progress onnx/decoder_model_merged.onnx 77 @ http://localhost:8123/whisper-probe.html:11
[    9136ms] [LOG] [probe] cb progress_total  @ http://localhost:8123/whisper-probe.html:11
[    9136ms] [LOG] [probe] progress onnx/decoder_model_merged.onnx 77 @ http://localhost:8123/whisper-probe.html:11
[    9139ms] [LOG] [probe] cb progress_total  @ http://localhost:8123/whisper-probe.html:11
[    9140ms] [LOG] [probe] progress onnx/decoder_model_merged.onnx 77 @ http://localhost:8123/whisper-probe.html:11
[    9141ms] [LOG] [probe] cb progress_total  @ http://localhost:8123/whisper-probe.html:11
[    9141ms] [LOG] [probe] progress onnx/decoder_model_merged.onnx 77 @ http://localhost:8123/whisper-probe.html:11
[    9141ms] [LOG] [probe] cb progress_total  @ http://localhost:8123/whisper-probe.html:11
[    9142ms] [LOG] [probe] progress onnx/decoder_model_merged.onnx 77 @ http://localhost:8123/whisper-probe.html:11
[    9142ms] [LOG] [probe] cb progress_total  @ http://localhost:8123/whisper-probe.html:11
[    9142ms] [LOG] [probe] progress onnx/decoder_model_merged.onnx 78 @ http://localhost:8123/whisper-probe.html:11
[    9142ms] [LOG] [probe] cb progress_total  @ http://localhost:8123/whisper-probe.html:11
[    9142ms] [LOG] [probe] progress onnx/decoder_model_merged.onnx 78 @ http://localhost:8123/whisper-probe.html:11
[    9145ms] [LOG] [probe] cb progress_total  @ http://localhost:8123/whisper-probe.html:11
[    9145ms] [LOG] [probe] progress onnx/decoder_model_merged.onnx 78 @ http://localhost:8123/whisper-probe.html:11
[    9146ms] [LOG] [probe] cb progress_total  @ http://localhost:8123/whisper-probe.html:11
[    9146ms] [LOG] [probe] progress onnx/decoder_model_merged.onnx 78 @ http://localhost:8123/whisper-probe.html:11
[    9147ms] [LOG] [probe] cb progress_total  @ http://localhost:8123/whisper-probe.html:11
[    9147ms] [LOG] [probe] progress onnx/decoder_model_merged.onnx 78 @ http://localhost:8123/whisper-probe.html:11
[    9148ms] [LOG] [probe] cb progress_total  @ http://localhost:8123/whisper-probe.html:11
[    9148ms] [LOG] [probe] progress onnx/decoder_model_merged.onnx 79 @ http://localhost:8123/whisper-probe.html:11
[    9149ms] [LOG] [probe] cb progress_total  @ http://localhost:8123/whisper-probe.html:11
[    9149ms] [LOG] [probe] progress onnx/decoder_model_merged.onnx 79 @ http://localhost:8123/whisper-probe.html:11
[    9149ms] [LOG] [probe] cb progress_total  @ http://localhost:8123/whisper-probe.html:11
[    9149ms] [LOG] [probe] progress onnx/decoder_model_merged.onnx 79 @ http://localhost:8123/whisper-probe.html:11
[    9150ms] [LOG] [probe] cb progress_total  @ http://localhost:8123/whisper-probe.html:11
[    9150ms] [LOG] [probe] progress onnx/decoder_model_merged.onnx 79 @ http://localhost:8123/whisper-probe.html:11
[    9152ms] [LOG] [probe] cb progress_total  @ http://localhost:8123/whisper-probe.html:11
[    9152ms] [LOG] [probe] progress onnx/decoder_model_merged.onnx 79 @ http://localhost:8123/whisper-probe.html:11
[    9152ms] [LOG] [probe] cb progress_total  @ http://localhost:8123/whisper-probe.html:11
[    9153ms] [LOG] [probe] progress onnx/decoder_model_merged.onnx 79 @ http://localhost:8123/whisper-probe.html:11
[    9154ms] [LOG] [probe] cb progress_total  @ http://localhost:8123/whisper-probe.html:11
[    9155ms] [LOG] [probe] progress onnx/decoder_model_merged.onnx 79 @ http://localhost:8123/whisper-probe.html:11
[    9155ms] [LOG] [probe] cb progress_total  @ http://localhost:8123/whisper-probe.html:11
[    9156ms] [LOG] [probe] progress onnx/decoder_model_merged.onnx 80 @ http://localhost:8123/whisper-probe.html:11
[    9157ms] [LOG] [probe] cb progress_total  @ http://localhost:8123/whisper-probe.html:11
[    9157ms] [LOG] [probe] progress onnx/decoder_model_merged.onnx 80 @ http://localhost:8123/whisper-probe.html:11
[    9158ms] [LOG] [probe] cb progress_total  @ http://localhost:8123/whisper-probe.html:11
[    9158ms] [LOG] [probe] progress onnx/decoder_model_merged.onnx 80 @ http://localhost:8123/whisper-probe.html:11
[    9162ms] [LOG] [probe] cb progress_total  @ http://localhost:8123/whisper-probe.html:11
[    9163ms] [LOG] [probe] progress onnx/decoder_model_merged.onnx 80 @ http://localhost:8123/whisper-probe.html:11
[    9163ms] [LOG] [probe] cb progress_total  @ http://localhost:8123/whisper-probe.html:11
[    9163ms] [LOG] [probe] progress onnx/decoder_model_merged.onnx 80 @ http://localhost:8123/whisper-probe.html:11
[    9164ms] [LOG] [probe] cb progress_total  @ http://localhost:8123/whisper-probe.html:11
[    9164ms] [LOG] [probe] progress onnx/decoder_model_merged.onnx 80 @ http://localhost:8123/whisper-probe.html:11
[    9166ms] [LOG] [probe] cb progress_total  @ http://localhost:8123/whisper-probe.html:11
[    9166ms] [LOG] [probe] progress onnx/decoder_model_merged.onnx 80 @ http://localhost:8123/whisper-probe.html:11
[    9167ms] [LOG] [probe] cb progress_total  @ http://localhost:8123/whisper-probe.html:11
[    9167ms] [LOG] [probe] progress onnx/decoder_model_merged.onnx 81 @ http://localhost:8123/whisper-probe.html:11
[    9168ms] [LOG] [probe] cb progress_total  @ http://localhost:8123/whisper-probe.html:11
[    9168ms] [LOG] [probe] progress onnx/decoder_model_merged.onnx 81 @ http://localhost:8123/whisper-probe.html:11
[    9169ms] [LOG] [probe] cb progress_total  @ http://localhost:8123/whisper-probe.html:11
[    9169ms] [LOG] [probe] progress onnx/decoder_model_merged.onnx 81 @ http://localhost:8123/whisper-probe.html:11
[    9170ms] [LOG] [probe] cb progress_total  @ http://localhost:8123/whisper-probe.html:11
[    9170ms] [LOG] [probe] progress onnx/decoder_model_merged.onnx 81 @ http://localhost:8123/whisper-probe.html:11
[    9171ms] [LOG] [probe] cb progress_total  @ http://localhost:8123/whisper-probe.html:11
[    9171ms] [LOG] [probe] progress onnx/decoder_model_merged.onnx 81 @ http://localhost:8123/whisper-probe.html:11
[    9171ms] [LOG] [probe] cb progress_total  @ http://localhost:8123/whisper-probe.html:11
[    9171ms] [LOG] [probe] progress onnx/decoder_model_merged.onnx 81 @ http://localhost:8123/whisper-probe.html:11
[    9172ms] [LOG] [probe] cb progress_total  @ http://localhost:8123/whisper-probe.html:11
[    9173ms] [LOG] [probe] progress onnx/decoder_model_merged.onnx 81 @ http://localhost:8123/whisper-probe.html:11
[    9174ms] [LOG] [probe] cb progress_total  @ http://localhost:8123/whisper-probe.html:11
[    9174ms] [LOG] [probe] progress onnx/decoder_model_merged.onnx 81 @ http://localhost:8123/whisper-probe.html:11
[    9175ms] [LOG] [probe] cb progress_total  @ http://localhost:8123/whisper-probe.html:11
[    9175ms] [LOG] [probe] progress onnx/decoder_model_merged.onnx 82 @ http://localhost:8123/whisper-probe.html:11
[    9176ms] [LOG] [probe] cb progress_total  @ http://localhost:8123/whisper-probe.html:11
[    9176ms] [LOG] [probe] progress onnx/decoder_model_merged.onnx 82 @ http://localhost:8123/whisper-probe.html:11
[    9177ms] [LOG] [probe] cb progress_total  @ http://localhost:8123/whisper-probe.html:11
[    9177ms] [LOG] [probe] progress onnx/decoder_model_merged.onnx 82 @ http://localhost:8123/whisper-probe.html:11
[    9177ms] [LOG] [probe] cb progress_total  @ http://localhost:8123/whisper-probe.html:11
[    9178ms] [LOG] [probe] progress onnx/decoder_model_merged.onnx 82 @ http://localhost:8123/whisper-probe.html:11
[    9179ms] [LOG] [probe] cb progress_total  @ http://localhost:8123/whisper-probe.html:11
[    9179ms] [LOG] [probe] progress onnx/decoder_model_merged.onnx 82 @ http://localhost:8123/whisper-probe.html:11
[    9180ms] [LOG] [probe] cb progress_total  @ http://localhost:8123/whisper-probe.html:11
[    9180ms] [LOG] [probe] progress onnx/decoder_model_merged.onnx 82 @ http://localhost:8123/whisper-probe.html:11
[    9181ms] [LOG] [probe] cb progress_total  @ http://localhost:8123/whisper-probe.html:11
[    9181ms] [LOG] [probe] progress onnx/decoder_model_merged.onnx 82 @ http://localhost:8123/whisper-probe.html:11
[    9182ms] [LOG] [probe] cb progress_total  @ http://localhost:8123/whisper-probe.html:11
[    9182ms] [LOG] [probe] progress onnx/decoder_model_merged.onnx 82 @ http://localhost:8123/whisper-probe.html:11
[    9182ms] [LOG] [probe] cb progress_total  @ http://localhost:8123/whisper-probe.html:11
[    9183ms] [LOG] [probe] progress onnx/decoder_model_merged.onnx 82 @ http://localhost:8123/whisper-probe.html:11
[    9184ms] [LOG] [probe] cb progress_total  @ http://localhost:8123/whisper-probe.html:11
[    9184ms] [LOG] [probe] progress onnx/decoder_model_merged.onnx 82 @ http://localhost:8123/whisper-probe.html:11
[    9185ms] [LOG] [probe] cb progress_total  @ http://localhost:8123/whisper-probe.html:11
[    9185ms] [LOG] [probe] progress onnx/decoder_model_merged.onnx 83 @ http://localhost:8123/whisper-probe.html:11
[    9185ms] [LOG] [probe] cb progress_total  @ http://localhost:8123/whisper-probe.html:11
[    9186ms] [LOG] [probe] progress onnx/decoder_model_merged.onnx 83 @ http://localhost:8123/whisper-probe.html:11
[    9189ms] [LOG] [probe] cb progress_total  @ http://localhost:8123/whisper-probe.html:11
[    9189ms] [LOG] [probe] progress onnx/decoder_model_merged.onnx 83 @ http://localhost:8123/whisper-probe.html:11
[    9190ms] [LOG] [probe] cb progress_total  @ http://localhost:8123/whisper-probe.html:11
[    9190ms] [LOG] [probe] progress onnx/decoder_model_merged.onnx 83 @ http://localhost:8123/whisper-probe.html:11
[    9190ms] [LOG] [probe] cb progress_total  @ http://localhost:8123/whisper-probe.html:11
[    9190ms] [LOG] [probe] progress onnx/decoder_model_merged.onnx 83 @ http://localhost:8123/whisper-probe.html:11
[    9191ms] [LOG] [probe] cb progress_total  @ http://localhost:8123/whisper-probe.html:11
[    9191ms] [LOG] [probe] progress onnx/decoder_model_merged.onnx 83 @ http://localhost:8123/whisper-probe.html:11
[    9192ms] [LOG] [probe] cb progress_total  @ http://localhost:8123/whisper-probe.html:11
[    9192ms] [LOG] [probe] progress onnx/decoder_model_merged.onnx 84 @ http://localhost:8123/whisper-probe.html:11
[    9192ms] [LOG] [probe] cb progress_total  @ http://localhost:8123/whisper-probe.html:11
[    9193ms] [LOG] [probe] progress onnx/decoder_model_merged.onnx 84 @ http://localhost:8123/whisper-probe.html:11
[    9193ms] [LOG] [probe] cb progress_total  @ http://localhost:8123/whisper-probe.html:11
[    9193ms] [LOG] [probe] progress onnx/decoder_model_merged.onnx 84 @ http://localhost:8123/whisper-probe.html:11
[    9194ms] [LOG] [probe] cb progress_total  @ http://localhost:8123/whisper-probe.html:11
[    9194ms] [LOG] [probe] progress onnx/decoder_model_merged.onnx 84 @ http://localhost:8123/whisper-probe.html:11
[    9194ms] [LOG] [probe] cb progress_total  @ http://localhost:8123/whisper-probe.html:11
[    9194ms] [LOG] [probe] progress onnx/decoder_model_merged.onnx 84 @ http://localhost:8123/whisper-probe.html:11
[    9194ms] [LOG] [probe] cb progress_total  @ http://localhost:8123/whisper-probe.html:11
[    9195ms] [LOG] [probe] progress onnx/decoder_model_merged.onnx 84 @ http://localhost:8123/whisper-probe.html:11
[    9196ms] [LOG] [probe] cb progress_total  @ http://localhost:8123/whisper-probe.html:11
[    9196ms] [LOG] [probe] progress onnx/decoder_model_merged.onnx 84 @ http://localhost:8123/whisper-probe.html:11
[    9196ms] [LOG] [probe] cb progress_total  @ http://localhost:8123/whisper-probe.html:11
[    9196ms] [LOG] [probe] progress onnx/decoder_model_merged.onnx 84 @ http://localhost:8123/whisper-probe.html:11
[    9197ms] [LOG] [probe] cb progress_total  @ http://localhost:8123/whisper-probe.html:11
[    9197ms] [LOG] [probe] progress onnx/decoder_model_merged.onnx 84 @ http://localhost:8123/whisper-probe.html:11
[    9197ms] [LOG] [probe] cb progress_total  @ http://localhost:8123/whisper-probe.html:11
[    9198ms] [LOG] [probe] progress onnx/decoder_model_merged.onnx 84 @ http://localhost:8123/whisper-probe.html:11
[    9198ms] [LOG] [probe] cb progress_total  @ http://localhost:8123/whisper-probe.html:11
[    9198ms] [LOG] [probe] progress onnx/decoder_model_merged.onnx 84 @ http://localhost:8123/whisper-probe.html:11
[    9199ms] [LOG] [probe] cb progress_total  @ http://localhost:8123/whisper-probe.html:11
[    9200ms] [LOG] [probe] progress onnx/decoder_model_merged.onnx 84 @ http://localhost:8123/whisper-probe.html:11
[    9200ms] [LOG] [probe] cb progress_total  @ http://localhost:8123/whisper-probe.html:11
[    9200ms] [LOG] [probe] progress onnx/decoder_model_merged.onnx 84 @ http://localhost:8123/whisper-probe.html:11
[    9201ms] [LOG] [probe] cb progress_total  @ http://localhost:8123/whisper-probe.html:11
[    9201ms] [LOG] [probe] progress onnx/decoder_model_merged.onnx 84 @ http://localhost:8123/whisper-probe.html:11
[    9201ms] [LOG] [probe] cb progress_total  @ http://localhost:8123/whisper-probe.html:11
[    9202ms] [LOG] [probe] progress onnx/decoder_model_merged.onnx 84 @ http://localhost:8123/whisper-probe.html:11
[    9202ms] [LOG] [probe] cb progress_total  @ http://localhost:8123/whisper-probe.html:11
[    9203ms] [LOG] [probe] progress onnx/decoder_model_merged.onnx 84 @ http://localhost:8123/whisper-probe.html:11
[    9203ms] [LOG] [probe] cb progress_total  @ http://localhost:8123/whisper-probe.html:11
[    9203ms] [LOG] [probe] progress onnx/decoder_model_merged.onnx 85 @ http://localhost:8123/whisper-probe.html:11
[    9204ms] [LOG] [probe] cb progress_total  @ http://localhost:8123/whisper-probe.html:11
[    9204ms] [LOG] [probe] progress onnx/decoder_model_merged.onnx 85 @ http://localhost:8123/whisper-probe.html:11
[    9204ms] [LOG] [probe] cb progress_total  @ http://localhost:8123/whisper-probe.html:11
[    9204ms] [LOG] [probe] progress onnx/decoder_model_merged.onnx 85 @ http://localhost:8123/whisper-probe.html:11
[    9205ms] [LOG] [probe] cb progress_total  @ http://localhost:8123/whisper-probe.html:11
[    9205ms] [LOG] [probe] progress onnx/decoder_model_merged.onnx 85 @ http://localhost:8123/whisper-probe.html:11
[    9206ms] [LOG] [probe] cb progress_total  @ http://localhost:8123/whisper-probe.html:11
[    9206ms] [LOG] [probe] progress onnx/decoder_model_merged.onnx 85 @ http://localhost:8123/whisper-probe.html:11
[    9206ms] [LOG] [probe] cb progress_total  @ http://localhost:8123/whisper-probe.html:11
[    9207ms] [LOG] [probe] progress onnx/decoder_model_merged.onnx 85 @ http://localhost:8123/whisper-probe.html:11
[    9207ms] [LOG] [probe] cb progress_total  @ http://localhost:8123/whisper-probe.html:11
[    9208ms] [LOG] [probe] progress onnx/decoder_model_merged.onnx 85 @ http://localhost:8123/whisper-probe.html:11
[    9208ms] [LOG] [probe] cb progress_total  @ http://localhost:8123/whisper-probe.html:11
[    9209ms] [LOG] [probe] progress onnx/decoder_model_merged.onnx 85 @ http://localhost:8123/whisper-probe.html:11
[    9209ms] [LOG] [probe] cb progress_total  @ http://localhost:8123/whisper-probe.html:11
[    9209ms] [LOG] [probe] progress onnx/decoder_model_merged.onnx 85 @ http://localhost:8123/whisper-probe.html:11
[    9210ms] [LOG] [probe] cb progress_total  @ http://localhost:8123/whisper-probe.html:11
[    9210ms] [LOG] [probe] progress onnx/decoder_model_merged.onnx 85 @ http://localhost:8123/whisper-probe.html:11
[    9210ms] [LOG] [probe] cb progress_total  @ http://localhost:8123/whisper-probe.html:11
[    9211ms] [LOG] [probe] progress onnx/decoder_model_merged.onnx 85 @ http://localhost:8123/whisper-probe.html:11
[    9212ms] [LOG] [probe] cb progress_total  @ http://localhost:8123/whisper-probe.html:11
[    9212ms] [LOG] [probe] progress onnx/decoder_model_merged.onnx 85 @ http://localhost:8123/whisper-probe.html:11
[    9212ms] [LOG] [probe] cb progress_total  @ http://localhost:8123/whisper-probe.html:11
[    9213ms] [LOG] [probe] progress onnx/decoder_model_merged.onnx 85 @ http://localhost:8123/whisper-probe.html:11
[    9213ms] [LOG] [probe] cb progress_total  @ http://localhost:8123/whisper-probe.html:11
[    9213ms] [LOG] [probe] progress onnx/decoder_model_merged.onnx 85 @ http://localhost:8123/whisper-probe.html:11
[    9214ms] [LOG] [probe] cb progress_total  @ http://localhost:8123/whisper-probe.html:11
[    9214ms] [LOG] [probe] progress onnx/decoder_model_merged.onnx 85 @ http://localhost:8123/whisper-probe.html:11
[    9214ms] [LOG] [probe] cb progress_total  @ http://localhost:8123/whisper-probe.html:11
[    9214ms] [LOG] [probe] progress onnx/decoder_model_merged.onnx 86 @ http://localhost:8123/whisper-probe.html:11
[    9215ms] [LOG] [probe] cb progress_total  @ http://localhost:8123/whisper-probe.html:11
[    9215ms] [LOG] [probe] progress onnx/decoder_model_merged.onnx 86 @ http://localhost:8123/whisper-probe.html:11
[    9216ms] [LOG] [probe] cb progress_total  @ http://localhost:8123/whisper-probe.html:11
[    9216ms] [LOG] [probe] progress onnx/decoder_model_merged.onnx 86 @ http://localhost:8123/whisper-probe.html:11
[    9216ms] [LOG] [probe] cb progress_total  @ http://localhost:8123/whisper-probe.html:11
[    9217ms] [LOG] [probe] progress onnx/decoder_model_merged.onnx 86 @ http://localhost:8123/whisper-probe.html:11
[    9218ms] [LOG] [probe] cb progress_total  @ http://localhost:8123/whisper-probe.html:11
[    9218ms] [LOG] [probe] progress onnx/decoder_model_merged.onnx 86 @ http://localhost:8123/whisper-probe.html:11
[    9218ms] [LOG] [probe] cb progress_total  @ http://localhost:8123/whisper-probe.html:11
[    9218ms] [LOG] [probe] progress onnx/decoder_model_merged.onnx 86 @ http://localhost:8123/whisper-probe.html:11
[    9220ms] [LOG] [probe] cb progress_total  @ http://localhost:8123/whisper-probe.html:11
[    9220ms] [LOG] [probe] progress onnx/decoder_model_merged.onnx 86 @ http://localhost:8123/whisper-probe.html:11
[    9221ms] [LOG] [probe] cb progress_total  @ http://localhost:8123/whisper-probe.html:11
[    9221ms] [LOG] [probe] progress onnx/decoder_model_merged.onnx 86 @ http://localhost:8123/whisper-probe.html:11
[    9222ms] [LOG] [probe] cb progress_total  @ http://localhost:8123/whisper-probe.html:11
[    9222ms] [LOG] [probe] progress onnx/decoder_model_merged.onnx 86 @ http://localhost:8123/whisper-probe.html:11
[    9223ms] [LOG] [probe] cb progress_total  @ http://localhost:8123/whisper-probe.html:11
[    9223ms] [LOG] [probe] progress onnx/decoder_model_merged.onnx 86 @ http://localhost:8123/whisper-probe.html:11
[    9223ms] [LOG] [probe] cb progress_total  @ http://localhost:8123/whisper-probe.html:11
[    9224ms] [LOG] [probe] progress onnx/decoder_model_merged.onnx 87 @ http://localhost:8123/whisper-probe.html:11
[    9224ms] [LOG] [probe] cb progress_total  @ http://localhost:8123/whisper-probe.html:11
[    9224ms] [LOG] [probe] progress onnx/decoder_model_merged.onnx 87 @ http://localhost:8123/whisper-probe.html:11
[    9224ms] [LOG] [probe] cb progress_total  @ http://localhost:8123/whisper-probe.html:11
[    9225ms] [LOG] [probe] progress onnx/decoder_model_merged.onnx 87 @ http://localhost:8123/whisper-probe.html:11
[    9225ms] [LOG] [probe] cb progress_total  @ http://localhost:8123/whisper-probe.html:11
[    9225ms] [LOG] [probe] progress onnx/decoder_model_merged.onnx 87 @ http://localhost:8123/whisper-probe.html:11
[    9226ms] [LOG] [probe] cb progress_total  @ http://localhost:8123/whisper-probe.html:11
[    9226ms] [LOG] [probe] progress onnx/decoder_model_merged.onnx 87 @ http://localhost:8123/whisper-probe.html:11
[    9226ms] [LOG] [probe] cb progress_total  @ http://localhost:8123/whisper-probe.html:11
[    9226ms] [LOG] [probe] progress onnx/decoder_model_merged.onnx 87 @ http://localhost:8123/whisper-probe.html:11
[    9228ms] [LOG] [probe] cb progress_total  @ http://localhost:8123/whisper-probe.html:11
[    9228ms] [LOG] [probe] progress onnx/decoder_model_merged.onnx 87 @ http://localhost:8123/whisper-probe.html:11
[    9228ms] [LOG] [probe] cb progress_total  @ http://localhost:8123/whisper-probe.html:11
[    9228ms] [LOG] [probe] progress onnx/decoder_model_merged.onnx 87 @ http://localhost:8123/whisper-probe.html:11
[    9229ms] [LOG] [probe] cb progress_total  @ http://localhost:8123/whisper-probe.html:11
[    9229ms] [LOG] [probe] progress onnx/decoder_model_merged.onnx 87 @ http://localhost:8123/whisper-probe.html:11
[    9230ms] [LOG] [probe] cb progress_total  @ http://localhost:8123/whisper-probe.html:11
[    9230ms] [LOG] [probe] progress onnx/decoder_model_merged.onnx 87 @ http://localhost:8123/whisper-probe.html:11
[    9232ms] [LOG] [probe] cb progress_total  @ http://localhost:8123/whisper-probe.html:11
[    9232ms] [LOG] [probe] progress onnx/decoder_model_merged.onnx 87 @ http://localhost:8123/whisper-probe.html:11
[    9233ms] [LOG] [probe] cb progress_total  @ http://localhost:8123/whisper-probe.html:11
[    9234ms] [LOG] [probe] progress onnx/decoder_model_merged.onnx 87 @ http://localhost:8123/whisper-probe.html:11
[    9234ms] [LOG] [probe] cb progress_total  @ http://localhost:8123/whisper-probe.html:11
[    9235ms] [LOG] [probe] progress onnx/decoder_model_merged.onnx 87 @ http://localhost:8123/whisper-probe.html:11
[    9236ms] [LOG] [probe] cb progress_total  @ http://localhost:8123/whisper-probe.html:11
[    9237ms] [LOG] [probe] progress onnx/decoder_model_merged.onnx 87 @ http://localhost:8123/whisper-probe.html:11
[    9238ms] [LOG] [probe] cb progress_total  @ http://localhost:8123/whisper-probe.html:11
[    9238ms] [LOG] [probe] progress onnx/decoder_model_merged.onnx 88 @ http://localhost:8123/whisper-probe.html:11
[    9238ms] [LOG] [probe] cb progress_total  @ http://localhost:8123/whisper-probe.html:11
[    9238ms] [LOG] [probe] progress onnx/decoder_model_merged.onnx 88 @ http://localhost:8123/whisper-probe.html:11
[    9239ms] [LOG] [probe] cb progress_total  @ http://localhost:8123/whisper-probe.html:11
[    9239ms] [LOG] [probe] progress onnx/decoder_model_merged.onnx 88 @ http://localhost:8123/whisper-probe.html:11
[    9240ms] [LOG] [probe] cb progress_total  @ http://localhost:8123/whisper-probe.html:11
[    9241ms] [LOG] [probe] progress onnx/decoder_model_merged.onnx 88 @ http://localhost:8123/whisper-probe.html:11
[    9241ms] [LOG] [probe] cb progress_total  @ http://localhost:8123/whisper-probe.html:11
[    9241ms] [LOG] [probe] progress onnx/decoder_model_merged.onnx 88 @ http://localhost:8123/whisper-probe.html:11
[    9243ms] [LOG] [probe] cb progress_total  @ http://localhost:8123/whisper-probe.html:11
[    9243ms] [LOG] [probe] progress onnx/decoder_model_merged.onnx 88 @ http://localhost:8123/whisper-probe.html:11
[    9243ms] [LOG] [probe] cb progress_total  @ http://localhost:8123/whisper-probe.html:11
[    9244ms] [LOG] [probe] progress onnx/decoder_model_merged.onnx 89 @ http://localhost:8123/whisper-probe.html:11
[    9244ms] [LOG] [probe] cb progress_total  @ http://localhost:8123/whisper-probe.html:11
[    9245ms] [LOG] [probe] progress onnx/decoder_model_merged.onnx 89 @ http://localhost:8123/whisper-probe.html:11
[    9245ms] [LOG] [probe] cb progress_total  @ http://localhost:8123/whisper-probe.html:11
[    9245ms] [LOG] [probe] progress onnx/decoder_model_merged.onnx 89 @ http://localhost:8123/whisper-probe.html:11
[    9247ms] [LOG] [probe] cb progress_total  @ http://localhost:8123/whisper-probe.html:11
[    9247ms] [LOG] [probe] progress onnx/decoder_model_merged.onnx 89 @ http://localhost:8123/whisper-probe.html:11
[    9247ms] [LOG] [probe] cb progress_total  @ http://localhost:8123/whisper-probe.html:11
[    9248ms] [LOG] [probe] progress onnx/decoder_model_merged.onnx 89 @ http://localhost:8123/whisper-probe.html:11
[    9248ms] [LOG] [probe] cb progress_total  @ http://localhost:8123/whisper-probe.html:11
[    9249ms] [LOG] [probe] progress onnx/decoder_model_merged.onnx 89 @ http://localhost:8123/whisper-probe.html:11
[    9249ms] [LOG] [probe] cb progress_total  @ http://localhost:8123/whisper-probe.html:11
[    9250ms] [LOG] [probe] progress onnx/decoder_model_merged.onnx 89 @ http://localhost:8123/whisper-probe.html:11
[    9250ms] [LOG] [probe] cb progress_total  @ http://localhost:8123/whisper-probe.html:11
[    9251ms] [LOG] [probe] progress onnx/decoder_model_merged.onnx 89 @ http://localhost:8123/whisper-probe.html:11
[    9253ms] [LOG] [probe] cb progress_total  @ http://localhost:8123/whisper-probe.html:11
[    9254ms] [LOG] [probe] progress onnx/decoder_model_merged.onnx 89 @ http://localhost:8123/whisper-probe.html:11
[    9254ms] [LOG] [probe] cb progress_total  @ http://localhost:8123/whisper-probe.html:11
[    9255ms] [LOG] [probe] progress onnx/decoder_model_merged.onnx 90 @ http://localhost:8123/whisper-probe.html:11
[    9255ms] [LOG] [probe] cb progress_total  @ http://localhost:8123/whisper-probe.html:11
[    9255ms] [LOG] [probe] progress onnx/decoder_model_merged.onnx 90 @ http://localhost:8123/whisper-probe.html:11
[    9256ms] [LOG] [probe] cb progress_total  @ http://localhost:8123/whisper-probe.html:11
[    9256ms] [LOG] [probe] progress onnx/decoder_model_merged.onnx 90 @ http://localhost:8123/whisper-probe.html:11
[    9257ms] [LOG] [probe] cb progress_total  @ http://localhost:8123/whisper-probe.html:11
[    9257ms] [LOG] [probe] progress onnx/decoder_model_merged.onnx 90 @ http://localhost:8123/whisper-probe.html:11
[    9257ms] [LOG] [probe] cb progress_total  @ http://localhost:8123/whisper-probe.html:11
[    9257ms] [LOG] [probe] progress onnx/decoder_model_merged.onnx 90 @ http://localhost:8123/whisper-probe.html:11
[    9258ms] [LOG] [probe] cb progress_total  @ http://localhost:8123/whisper-probe.html:11
[    9258ms] [LOG] [probe] progress onnx/decoder_model_merged.onnx 90 @ http://localhost:8123/whisper-probe.html:11
[    9260ms] [LOG] [probe] cb progress_total  @ http://localhost:8123/whisper-probe.html:11
[    9260ms] [LOG] [probe] progress onnx/decoder_model_merged.onnx 90 @ http://localhost:8123/whisper-probe.html:11
[    9261ms] [LOG] [probe] cb progress_total  @ http://localhost:8123/whisper-probe.html:11
[    9261ms] [LOG] [probe] progress onnx/decoder_model_merged.onnx 90 @ http://localhost:8123/whisper-probe.html:11
[    9262ms] [LOG] [probe] cb progress_total  @ http://localhost:8123/whisper-probe.html:11
[    9262ms] [LOG] [probe] progress onnx/decoder_model_merged.onnx 90 @ http://localhost:8123/whisper-probe.html:11
[    9269ms] [LOG] [probe] cb progress_total  @ http://localhost:8123/whisper-probe.html:11
[    9269ms] [LOG] [probe] progress onnx/decoder_model_merged.onnx 90 @ http://localhost:8123/whisper-probe.html:11
[    9270ms] [LOG] [probe] cb progress_total  @ http://localhost:8123/whisper-probe.html:11
[    9270ms] [LOG] [probe] progress onnx/decoder_model_merged.onnx 90 @ http://localhost:8123/whisper-probe.html:11
[    9271ms] [LOG] [probe] cb progress_total  @ http://localhost:8123/whisper-probe.html:11
[    9272ms] [LOG] [probe] progress onnx/decoder_model_merged.onnx 90 @ http://localhost:8123/whisper-probe.html:11
[    9273ms] [LOG] [probe] cb progress_total  @ http://localhost:8123/whisper-probe.html:11
[    9273ms] [LOG] [probe] progress onnx/decoder_model_merged.onnx 91 @ http://localhost:8123/whisper-probe.html:11
[    9276ms] [LOG] [probe] cb progress_total  @ http://localhost:8123/whisper-probe.html:11
[    9276ms] [LOG] [probe] progress onnx/decoder_model_merged.onnx 91 @ http://localhost:8123/whisper-probe.html:11
[    9277ms] [LOG] [probe] cb progress_total  @ http://localhost:8123/whisper-probe.html:11
[    9277ms] [LOG] [probe] progress onnx/decoder_model_merged.onnx 91 @ http://localhost:8123/whisper-probe.html:11
[    9286ms] [LOG] [probe] cb progress_total  @ http://localhost:8123/whisper-probe.html:11
[    9286ms] [LOG] [probe] progress onnx/decoder_model_merged.onnx 91 @ http://localhost:8123/whisper-probe.html:11
[    9286ms] [LOG] [probe] cb progress_total  @ http://localhost:8123/whisper-probe.html:11
[    9287ms] [LOG] [probe] progress onnx/decoder_model_merged.onnx 91 @ http://localhost:8123/whisper-probe.html:11
[    9289ms] [LOG] [probe] cb progress_total  @ http://localhost:8123/whisper-probe.html:11
[    9290ms] [LOG] [probe] progress onnx/decoder_model_merged.onnx 92 @ http://localhost:8123/whisper-probe.html:11
[    9290ms] [LOG] [probe] cb progress_total  @ http://localhost:8123/whisper-probe.html:11
[    9290ms] [LOG] [probe] progress onnx/decoder_model_merged.onnx 92 @ http://localhost:8123/whisper-probe.html:11
[    9291ms] [LOG] [probe] cb progress_total  @ http://localhost:8123/whisper-probe.html:11
[    9291ms] [LOG] [probe] progress onnx/decoder_model_merged.onnx 92 @ http://localhost:8123/whisper-probe.html:11
[    9292ms] [LOG] [probe] cb progress_total  @ http://localhost:8123/whisper-probe.html:11
[    9292ms] [LOG] [probe] progress onnx/decoder_model_merged.onnx 92 @ http://localhost:8123/whisper-probe.html:11
[    9292ms] [LOG] [probe] cb progress_total  @ http://localhost:8123/whisper-probe.html:11
[    9292ms] [LOG] [probe] progress onnx/decoder_model_merged.onnx 92 @ http://localhost:8123/whisper-probe.html:11
[    9300ms] [LOG] [probe] cb progress_total  @ http://localhost:8123/whisper-probe.html:11
[    9300ms] [LOG] [probe] progress onnx/decoder_model_merged.onnx 92 @ http://localhost:8123/whisper-probe.html:11
[    9301ms] [LOG] [probe] cb progress_total  @ http://localhost:8123/whisper-probe.html:11
[    9301ms] [LOG] [probe] progress onnx/decoder_model_merged.onnx 92 @ http://localhost:8123/whisper-probe.html:11
[    9302ms] [LOG] [probe] cb progress_total  @ http://localhost:8123/whisper-probe.html:11
[    9302ms] [LOG] [probe] progress onnx/decoder_model_merged.onnx 92 @ http://localhost:8123/whisper-probe.html:11
[    9303ms] [LOG] [probe] cb progress_total  @ http://localhost:8123/whisper-probe.html:11
[    9303ms] [LOG] [probe] progress onnx/decoder_model_merged.onnx 92 @ http://localhost:8123/whisper-probe.html:11
[    9304ms] [LOG] [probe] cb progress_total  @ http://localhost:8123/whisper-probe.html:11
[    9304ms] [LOG] [probe] progress onnx/decoder_model_merged.onnx 92 @ http://localhost:8123/whisper-probe.html:11
[    9304ms] [LOG] [probe] cb progress_total  @ http://localhost:8123/whisper-probe.html:11
[    9304ms] [LOG] [probe] progress onnx/decoder_model_merged.onnx 92 @ http://localhost:8123/whisper-probe.html:11
[    9305ms] [LOG] [probe] cb progress_total  @ http://localhost:8123/whisper-probe.html:11
[    9305ms] [LOG] [probe] progress onnx/decoder_model_merged.onnx 92 @ http://localhost:8123/whisper-probe.html:11
[    9306ms] [LOG] [probe] cb progress_total  @ http://localhost:8123/whisper-probe.html:11
[    9306ms] [LOG] [probe] progress onnx/decoder_model_merged.onnx 92 @ http://localhost:8123/whisper-probe.html:11
[    9307ms] [LOG] [probe] cb progress_total  @ http://localhost:8123/whisper-probe.html:11
[    9307ms] [LOG] [probe] progress onnx/decoder_model_merged.onnx 92 @ http://localhost:8123/whisper-probe.html:11
[    9307ms] [LOG] [probe] cb progress_total  @ http://localhost:8123/whisper-probe.html:11
[    9308ms] [LOG] [probe] progress onnx/decoder_model_merged.onnx 92 @ http://localhost:8123/whisper-probe.html:11
[    9308ms] [LOG] [probe] cb progress_total  @ http://localhost:8123/whisper-probe.html:11
[    9309ms] [LOG] [probe] progress onnx/decoder_model_merged.onnx 92 @ http://localhost:8123/whisper-probe.html:11
[    9309ms] [LOG] [probe] cb progress_total  @ http://localhost:8123/whisper-probe.html:11
[    9309ms] [LOG] [probe] progress onnx/decoder_model_merged.onnx 93 @ http://localhost:8123/whisper-probe.html:11
[    9310ms] [LOG] [probe] cb progress_total  @ http://localhost:8123/whisper-probe.html:11
[    9310ms] [LOG] [probe] progress onnx/decoder_model_merged.onnx 93 @ http://localhost:8123/whisper-probe.html:11
[    9311ms] [LOG] [probe] cb progress_total  @ http://localhost:8123/whisper-probe.html:11
[    9311ms] [LOG] [probe] progress onnx/decoder_model_merged.onnx 93 @ http://localhost:8123/whisper-probe.html:11
[    9312ms] [LOG] [probe] cb progress_total  @ http://localhost:8123/whisper-probe.html:11
[    9312ms] [LOG] [probe] progress onnx/decoder_model_merged.onnx 93 @ http://localhost:8123/whisper-probe.html:11
[    9313ms] [LOG] [probe] cb progress_total  @ http://localhost:8123/whisper-probe.html:11
[    9314ms] [LOG] [probe] progress onnx/decoder_model_merged.onnx 93 @ http://localhost:8123/whisper-probe.html:11
[    9314ms] [LOG] [probe] cb progress_total  @ http://localhost:8123/whisper-probe.html:11
[    9314ms] [LOG] [probe] progress onnx/decoder_model_merged.onnx 93 @ http://localhost:8123/whisper-probe.html:11
[    9315ms] [LOG] [probe] cb progress_total  @ http://localhost:8123/whisper-probe.html:11
[    9316ms] [LOG] [probe] progress onnx/decoder_model_merged.onnx 93 @ http://localhost:8123/whisper-probe.html:11
[    9317ms] [LOG] [probe] cb progress_total  @ http://localhost:8123/whisper-probe.html:11
[    9317ms] [LOG] [probe] progress onnx/decoder_model_merged.onnx 93 @ http://localhost:8123/whisper-probe.html:11
[    9318ms] [LOG] [probe] cb progress_total  @ http://localhost:8123/whisper-probe.html:11
[    9318ms] [LOG] [probe] progress onnx/decoder_model_merged.onnx 93 @ http://localhost:8123/whisper-probe.html:11
[    9320ms] [LOG] [probe] cb progress_total  @ http://localhost:8123/whisper-probe.html:11
[    9320ms] [LOG] [probe] progress onnx/decoder_model_merged.onnx 93 @ http://localhost:8123/whisper-probe.html:11
[    9320ms] [LOG] [probe] cb progress_total  @ http://localhost:8123/whisper-probe.html:11
[    9321ms] [LOG] [probe] progress onnx/decoder_model_merged.onnx 93 @ http://localhost:8123/whisper-probe.html:11
[    9321ms] [LOG] [probe] cb progress_total  @ http://localhost:8123/whisper-probe.html:11
[    9321ms] [LOG] [probe] progress onnx/decoder_model_merged.onnx 93 @ http://localhost:8123/whisper-probe.html:11
[    9322ms] [LOG] [probe] cb progress_total  @ http://localhost:8123/whisper-probe.html:11
[    9323ms] [LOG] [probe] progress onnx/decoder_model_merged.onnx 94 @ http://localhost:8123/whisper-probe.html:11
[    9323ms] [LOG] [probe] cb progress_total  @ http://localhost:8123/whisper-probe.html:11
[    9324ms] [LOG] [probe] progress onnx/decoder_model_merged.onnx 94 @ http://localhost:8123/whisper-probe.html:11
[    9324ms] [LOG] [probe] cb progress_total  @ http://localhost:8123/whisper-probe.html:11
[    9324ms] [LOG] [probe] progress onnx/decoder_model_merged.onnx 94 @ http://localhost:8123/whisper-probe.html:11
[    9325ms] [LOG] [probe] cb progress_total  @ http://localhost:8123/whisper-probe.html:11
[    9325ms] [LOG] [probe] progress onnx/decoder_model_merged.onnx 94 @ http://localhost:8123/whisper-probe.html:11
[    9326ms] [LOG] [probe] cb progress_total  @ http://localhost:8123/whisper-probe.html:11
[    9326ms] [LOG] [probe] progress onnx/decoder_model_merged.onnx 94 @ http://localhost:8123/whisper-probe.html:11
[    9327ms] [LOG] [probe] cb progress_total  @ http://localhost:8123/whisper-probe.html:11
[    9327ms] [LOG] [probe] progress onnx/decoder_model_merged.onnx 94 @ http://localhost:8123/whisper-probe.html:11
[    9328ms] [LOG] [probe] cb progress_total  @ http://localhost:8123/whisper-probe.html:11
[    9328ms] [LOG] [probe] progress onnx/decoder_model_merged.onnx 94 @ http://localhost:8123/whisper-probe.html:11
[    9330ms] [LOG] [probe] cb progress_total  @ http://localhost:8123/whisper-probe.html:11
[    9330ms] [LOG] [probe] progress onnx/decoder_model_merged.onnx 94 @ http://localhost:8123/whisper-probe.html:11
[    9330ms] [LOG] [probe] cb progress_total  @ http://localhost:8123/whisper-probe.html:11
[    9331ms] [LOG] [probe] progress onnx/decoder_model_merged.onnx 94 @ http://localhost:8123/whisper-probe.html:11
[    9331ms] [LOG] [probe] cb progress_total  @ http://localhost:8123/whisper-probe.html:11
[    9331ms] [LOG] [probe] progress onnx/decoder_model_merged.onnx 94 @ http://localhost:8123/whisper-probe.html:11
[    9332ms] [LOG] [probe] cb progress_total  @ http://localhost:8123/whisper-probe.html:11
[    9332ms] [LOG] [probe] progress onnx/decoder_model_merged.onnx 94 @ http://localhost:8123/whisper-probe.html:11
[    9332ms] [LOG] [probe] cb progress_total  @ http://localhost:8123/whisper-probe.html:11
[    9332ms] [LOG] [probe] progress onnx/decoder_model_merged.onnx 94 @ http://localhost:8123/whisper-probe.html:11
[    9333ms] [LOG] [probe] cb progress_total  @ http://localhost:8123/whisper-probe.html:11
[    9333ms] [LOG] [probe] progress onnx/decoder_model_merged.onnx 94 @ http://localhost:8123/whisper-probe.html:11
[    9334ms] [LOG] [probe] cb progress_total  @ http://localhost:8123/whisper-probe.html:11
[    9334ms] [LOG] [probe] progress onnx/decoder_model_merged.onnx 95 @ http://localhost:8123/whisper-probe.html:11
[    9335ms] [LOG] [probe] cb progress_total  @ http://localhost:8123/whisper-probe.html:11
[    9335ms] [LOG] [probe] progress onnx/decoder_model_merged.onnx 95 @ http://localhost:8123/whisper-probe.html:11
[    9335ms] [LOG] [probe] cb progress_total  @ http://localhost:8123/whisper-probe.html:11
[    9335ms] [LOG] [probe] progress onnx/decoder_model_merged.onnx 95 @ http://localhost:8123/whisper-probe.html:11
[    9336ms] [LOG] [probe] cb progress_total  @ http://localhost:8123/whisper-probe.html:11
[    9336ms] [LOG] [probe] progress onnx/decoder_model_merged.onnx 95 @ http://localhost:8123/whisper-probe.html:11
[    9337ms] [LOG] [probe] cb progress_total  @ http://localhost:8123/whisper-probe.html:11
[    9337ms] [LOG] [probe] progress onnx/decoder_model_merged.onnx 95 @ http://localhost:8123/whisper-probe.html:11
[    9337ms] [LOG] [probe] cb progress_total  @ http://localhost:8123/whisper-probe.html:11
[    9337ms] [LOG] [probe] progress onnx/decoder_model_merged.onnx 95 @ http://localhost:8123/whisper-probe.html:11
[    9339ms] [LOG] [probe] cb progress_total  @ http://localhost:8123/whisper-probe.html:11
[    9340ms] [LOG] [probe] progress onnx/decoder_model_merged.onnx 95 @ http://localhost:8123/whisper-probe.html:11
[    9340ms] [LOG] [probe] cb progress_total  @ http://localhost:8123/whisper-probe.html:11
[    9340ms] [LOG] [probe] progress onnx/decoder_model_merged.onnx 95 @ http://localhost:8123/whisper-probe.html:11
[    9341ms] [LOG] [probe] cb progress_total  @ http://localhost:8123/whisper-probe.html:11
[    9341ms] [LOG] [probe] progress onnx/decoder_model_merged.onnx 95 @ http://localhost:8123/whisper-probe.html:11
[    9342ms] [LOG] [probe] cb progress_total  @ http://localhost:8123/whisper-probe.html:11
[    9342ms] [LOG] [probe] progress onnx/decoder_model_merged.onnx 95 @ http://localhost:8123/whisper-probe.html:11
[    9343ms] [LOG] [probe] cb progress_total  @ http://localhost:8123/whisper-probe.html:11
[    9343ms] [LOG] [probe] progress onnx/decoder_model_merged.onnx 95 @ http://localhost:8123/whisper-probe.html:11
[    9343ms] [LOG] [probe] cb progress_total  @ http://localhost:8123/whisper-probe.html:11
[    9344ms] [LOG] [probe] progress onnx/decoder_model_merged.onnx 95 @ http://localhost:8123/whisper-probe.html:11
[    9344ms] [LOG] [probe] cb progress_total  @ http://localhost:8123/whisper-probe.html:11
[    9344ms] [LOG] [probe] progress onnx/decoder_model_merged.onnx 95 @ http://localhost:8123/whisper-probe.html:11
[    9346ms] [LOG] [probe] cb progress_total  @ http://localhost:8123/whisper-probe.html:11
[    9346ms] [LOG] [probe] progress onnx/decoder_model_merged.onnx 96 @ http://localhost:8123/whisper-probe.html:11
[    9347ms] [LOG] [probe] cb progress_total  @ http://localhost:8123/whisper-probe.html:11
[    9347ms] [LOG] [probe] progress onnx/decoder_model_merged.onnx 96 @ http://localhost:8123/whisper-probe.html:11
[    9347ms] [LOG] [probe] cb progress_total  @ http://localhost:8123/whisper-probe.html:11
[    9348ms] [LOG] [probe] progress onnx/decoder_model_merged.onnx 96 @ http://localhost:8123/whisper-probe.html:11
[    9349ms] [LOG] [probe] cb progress_total  @ http://localhost:8123/whisper-probe.html:11
[    9349ms] [LOG] [probe] progress onnx/decoder_model_merged.onnx 96 @ http://localhost:8123/whisper-probe.html:11
[    9350ms] [LOG] [probe] cb progress_total  @ http://localhost:8123/whisper-probe.html:11
[    9350ms] [LOG] [probe] progress onnx/decoder_model_merged.onnx 96 @ http://localhost:8123/whisper-probe.html:11
[    9351ms] [LOG] [probe] cb progress_total  @ http://localhost:8123/whisper-probe.html:11
[    9351ms] [LOG] [probe] progress onnx/decoder_model_merged.onnx 96 @ http://localhost:8123/whisper-probe.html:11
[    9352ms] [LOG] [probe] cb progress_total  @ http://localhost:8123/whisper-probe.html:11
[    9352ms] [LOG] [probe] progress onnx/decoder_model_merged.onnx 96 @ http://localhost:8123/whisper-probe.html:11
[    9353ms] [LOG] [probe] cb progress_total  @ http://localhost:8123/whisper-probe.html:11
[    9353ms] [LOG] [probe] progress onnx/decoder_model_merged.onnx 96 @ http://localhost:8123/whisper-probe.html:11
[    9353ms] [LOG] [probe] cb progress_total  @ http://localhost:8123/whisper-probe.html:11
[    9354ms] [LOG] [probe] progress onnx/decoder_model_merged.onnx 96 @ http://localhost:8123/whisper-probe.html:11
[    9355ms] [LOG] [probe] cb progress_total  @ http://localhost:8123/whisper-probe.html:11
[    9356ms] [LOG] [probe] progress onnx/decoder_model_merged.onnx 97 @ http://localhost:8123/whisper-probe.html:11
[    9356ms] [LOG] [probe] cb progress_total  @ http://localhost:8123/whisper-probe.html:11
[    9356ms] [LOG] [probe] progress onnx/decoder_model_merged.onnx 97 @ http://localhost:8123/whisper-probe.html:11
[    9357ms] [LOG] [probe] cb progress_total  @ http://localhost:8123/whisper-probe.html:11
[    9357ms] [LOG] [probe] progress onnx/decoder_model_merged.onnx 97 @ http://localhost:8123/whisper-probe.html:11
[    9358ms] [LOG] [probe] cb progress_total  @ http://localhost:8123/whisper-probe.html:11
[    9358ms] [LOG] [probe] progress onnx/decoder_model_merged.onnx 97 @ http://localhost:8123/whisper-probe.html:11
[    9359ms] [LOG] [probe] cb progress_total  @ http://localhost:8123/whisper-probe.html:11
[    9359ms] [LOG] [probe] progress onnx/decoder_model_merged.onnx 97 @ http://localhost:8123/whisper-probe.html:11
[    9359ms] [LOG] [probe] cb progress_total  @ http://localhost:8123/whisper-probe.html:11
[    9360ms] [LOG] [probe] progress onnx/decoder_model_merged.onnx 97 @ http://localhost:8123/whisper-probe.html:11
[    9360ms] [LOG] [probe] cb progress_total  @ http://localhost:8123/whisper-probe.html:11
[    9361ms] [LOG] [probe] progress onnx/decoder_model_merged.onnx 97 @ http://localhost:8123/whisper-probe.html:11
[    9361ms] [LOG] [probe] cb progress_total  @ http://localhost:8123/whisper-probe.html:11
[    9362ms] [LOG] [probe] progress onnx/decoder_model_merged.onnx 97 @ http://localhost:8123/whisper-probe.html:11
[    9363ms] [LOG] [probe] cb progress_total  @ http://localhost:8123/whisper-probe.html:11
[    9363ms] [LOG] [probe] progress onnx/decoder_model_merged.onnx 97 @ http://localhost:8123/whisper-probe.html:11
[    9365ms] [LOG] [probe] cb progress_total  @ http://localhost:8123/whisper-probe.html:11
[    9366ms] [LOG] [probe] progress onnx/decoder_model_merged.onnx 97 @ http://localhost:8123/whisper-probe.html:11
[    9366ms] [LOG] [probe] cb progress_total  @ http://localhost:8123/whisper-probe.html:11
[    9367ms] [LOG] [probe] progress onnx/decoder_model_merged.onnx 97 @ http://localhost:8123/whisper-probe.html:11
[    9367ms] [LOG] [probe] cb progress_total  @ http://localhost:8123/whisper-probe.html:11
[    9367ms] [LOG] [probe] progress onnx/decoder_model_merged.onnx 97 @ http://localhost:8123/whisper-probe.html:11
[    9368ms] [LOG] [probe] cb progress_total  @ http://localhost:8123/whisper-probe.html:11
[    9368ms] [LOG] [probe] progress onnx/decoder_model_merged.onnx 97 @ http://localhost:8123/whisper-probe.html:11
[    9369ms] [LOG] [probe] cb progress_total  @ http://localhost:8123/whisper-probe.html:11
[    9369ms] [LOG] [probe] progress onnx/decoder_model_merged.onnx 98 @ http://localhost:8123/whisper-probe.html:11
[    9370ms] [LOG] [probe] cb progress_total  @ http://localhost:8123/whisper-probe.html:11
[    9370ms] [LOG] [probe] progress onnx/decoder_model_merged.onnx 98 @ http://localhost:8123/whisper-probe.html:11
[    9371ms] [LOG] [probe] cb progress_total  @ http://localhost:8123/whisper-probe.html:11
[    9371ms] [LOG] [probe] progress onnx/decoder_model_merged.onnx 98 @ http://localhost:8123/whisper-probe.html:11
[    9372ms] [LOG] [probe] cb progress_total  @ http://localhost:8123/whisper-probe.html:11
[    9372ms] [LOG] [probe] progress onnx/decoder_model_merged.onnx 98 @ http://localhost:8123/whisper-probe.html:11
[    9372ms] [LOG] [probe] cb progress_total  @ http://localhost:8123/whisper-probe.html:11
[    9373ms] [LOG] [probe] progress onnx/decoder_model_merged.onnx 98 @ http://localhost:8123/whisper-probe.html:11
[    9373ms] [LOG] [probe] cb progress_total  @ http://localhost:8123/whisper-probe.html:11
[    9373ms] [LOG] [probe] progress onnx/decoder_model_merged.onnx 98 @ http://localhost:8123/whisper-probe.html:11
[    9374ms] [LOG] [probe] cb progress_total  @ http://localhost:8123/whisper-probe.html:11
[    9374ms] [LOG] [probe] progress onnx/decoder_model_merged.onnx 98 @ http://localhost:8123/whisper-probe.html:11
[    9374ms] [LOG] [probe] cb progress_total  @ http://localhost:8123/whisper-probe.html:11
[    9374ms] [LOG] [probe] progress onnx/decoder_model_merged.onnx 98 @ http://localhost:8123/whisper-probe.html:11
[    9375ms] [LOG] [probe] cb progress_total  @ http://localhost:8123/whisper-probe.html:11
[    9375ms] [LOG] [probe] progress onnx/decoder_model_merged.onnx 98 @ http://localhost:8123/whisper-probe.html:11
[    9375ms] [LOG] [probe] cb progress_total  @ http://localhost:8123/whisper-probe.html:11
[    9375ms] [LOG] [probe] progress onnx/decoder_model_merged.onnx 98 @ http://localhost:8123/whisper-probe.html:11
[    9375ms] [LOG] [probe] cb progress_total  @ http://localhost:8123/whisper-probe.html:11
[    9375ms] [LOG] [probe] progress onnx/decoder_model_merged.onnx 98 @ http://localhost:8123/whisper-probe.html:11
[    9376ms] [LOG] [probe] cb progress_total  @ http://localhost:8123/whisper-probe.html:11
[    9376ms] [LOG] [probe] progress onnx/decoder_model_merged.onnx 98 @ http://localhost:8123/whisper-probe.html:11
[    9377ms] [LOG] [probe] cb progress_total  @ http://localhost:8123/whisper-probe.html:11
[    9377ms] [LOG] [probe] progress onnx/decoder_model_merged.onnx 98 @ http://localhost:8123/whisper-probe.html:11
[    9378ms] [LOG] [probe] cb progress_total  @ http://localhost:8123/whisper-probe.html:11
[    9378ms] [LOG] [probe] progress onnx/decoder_model_merged.onnx 98 @ http://localhost:8123/whisper-probe.html:11
[    9380ms] [LOG] [probe] cb progress_total  @ http://localhost:8123/whisper-probe.html:11
[    9380ms] [LOG] [probe] progress onnx/decoder_model_merged.onnx 99 @ http://localhost:8123/whisper-probe.html:11
[    9380ms] [LOG] [probe] cb progress_total  @ http://localhost:8123/whisper-probe.html:11
[    9381ms] [LOG] [probe] progress onnx/decoder_model_merged.onnx 99 @ http://localhost:8123/whisper-probe.html:11
[    9381ms] [LOG] [probe] cb progress_total  @ http://localhost:8123/whisper-probe.html:11
[    9381ms] [LOG] [probe] progress onnx/decoder_model_merged.onnx 99 @ http://localhost:8123/whisper-probe.html:11
[    9382ms] [LOG] [probe] cb progress_total  @ http://localhost:8123/whisper-probe.html:11
[    9382ms] [LOG] [probe] progress onnx/decoder_model_merged.onnx 99 @ http://localhost:8123/whisper-probe.html:11
[    9383ms] [LOG] [probe] cb progress_total  @ http://localhost:8123/whisper-probe.html:11
[    9383ms] [LOG] [probe] progress onnx/decoder_model_merged.onnx 99 @ http://localhost:8123/whisper-probe.html:11
[    9388ms] [LOG] [probe] cb progress_total  @ http://localhost:8123/whisper-probe.html:11
[    9388ms] [LOG] [probe] progress onnx/decoder_model_merged.onnx 99 @ http://localhost:8123/whisper-probe.html:11
[    9391ms] [LOG] [probe] cb progress_total  @ http://localhost:8123/whisper-probe.html:11
[    9391ms] [LOG] [probe] progress onnx/decoder_model_merged.onnx 100 @ http://localhost:8123/whisper-probe.html:11
[    9405ms] [LOG] [probe] cb progress_total  @ http://localhost:8123/whisper-probe.html:11
[    9405ms] [LOG] [probe] progress onnx/decoder_model_merged.onnx 100 @ http://localhost:8123/whisper-probe.html:11
[    9407ms] [LOG] [probe] cb progress_total  @ http://localhost:8123/whisper-probe.html:11
[    9407ms] [LOG] [probe] progress onnx/decoder_model_merged.onnx 100 @ http://localhost:8123/whisper-probe.html:11
[    9407ms] [LOG] [probe] cb done onnx/decoder_model_merged.onnx @ http://localhost:8123/whisper-probe.html:11
[   12626ms] [LOG] [probe] cb ready  @ http://localhost:8123/whisper-probe.html:11
[   12633ms] [LOG] [probe] PIPELINE OK in 12466ms @ http://localhost:8123/whisper-probe.html:11
[   14538ms] [LOG] [probe] FAILED: TypeError :: Cannot read properties of null (reading 'feature_extractor') @ http://localhost:8123/whisper-probe.html:11
[   14538ms] [LOG] [probe] STACK: TypeError: Cannot read properties of null (reading 'feature_extractor')
    at closure._call_whisper (http://localhost:8123/assets/transformers.web-DKKzgq8i.js:31840:53)
    at closure._call (http://localhost:8123/assets/transformers.web-DKKzgq8i.js:31785:21)
    at closure (http://localhost:8123/assets/transformers.web-DKKzgq8i.js:4601:24)
    at http://localhost:8123/whisper-probe.html:49:27 @ http://localhost:8123/whisper-probe.html:11
[  302954ms] [WARNING] No available adapters. @ http://localhost:8123/whisper-probe3.html:0
[ 3372484ms] [WARNING] No available adapters. @ http://localhost:8123/index.html:0
[ 3486000ms] [WARNING] No available adapters. @ http://localhost:8123/index.html:0
[ 3547438ms] [WARNING] No available adapters. @ http://localhost:8123/index.html:0
[ 3671501ms] [WARNING] No available adapters. @ http://localhost:8123/index.html:0
[ 3813475ms] [WARNING] No available adapters. @ http://localhost:8123/index.html:0
[ 3914725ms] [WARNING] No available adapters. @ http://localhost:8123/index.html:0
[ 3978732ms] [WARNING] No available adapters. @ http://localhost:8123/index.html:0
[ 4024503ms] [WARNING] No available adapters. @ http://localhost:8123/index.html:0
[ 4084572ms] [WARNING] No available adapters. @ http://localhost:8123/index.html:0
[ 4155983ms] [WARNING] No available adapters. @ http://localhost:8123/index.html:0
[10351253ms] [ERROR] TypeError: Cannot read properties of undefined (reading 'fp32')
    at ModelRow$1 (http://localhost:8123/assets/index-9ZnA3Y41.js:44965:103)
    at Nh (http://localhost:8123/assets/index-9ZnA3Y41.js:3383:9)
    at Vk (http://localhost:8123/assets/index-9ZnA3Y41.js:6326:13)
    at Uk (http://localhost:8123/assets/index-9ZnA3Y41.js:6020:13)
    at Tk (http://localhost:8123/assets/index-9ZnA3Y41.js:6014:27)
    at Ik (http://localhost:8123/assets/index-9ZnA3Y41.js:5999:9)
    at Nk (http://localhost:8123/assets/index-9ZnA3Y41.js:5730:9)
    at Ek (http://localhost:8123/assets/index-9ZnA3Y41.js:5784:30)
    at jg (http://localhost:8123/assets/index-9ZnA3Y41.js:2692:17)
    at http://localhost:8123/assets/index-9ZnA3Y41.js:5612:27 @ http://localhost:8123/assets/index-9ZnA3Y41.js:3903
[10351256ms] TypeError: Cannot read properties of undefined (reading 'fp32')
    at ModelRow$1 (http://localhost:8123/assets/index-9ZnA3Y41.js:44965:103)
    at Nh (http://localhost:8123/assets/index-9ZnA3Y41.js:3383:9)
    at Vk (http://localhost:8123/assets/index-9ZnA3Y41.js:6326:13)
    at Uk (http://localhost:8123/assets/index-9ZnA3Y41.js:6020:13)
    at Tk (http://localhost:8123/assets/index-9ZnA3Y41.js:6014:27)
    at Ik (http://localhost:8123/assets/index-9ZnA3Y41.js:5999:9)
    at Nk (http://localhost:8123/assets/index-9ZnA3Y41.js:5730:9)
    at Ek (http://localhost:8123/assets/index-9ZnA3Y41.js:5784:30)
    at jg (http://localhost:8123/assets/index-9ZnA3Y41.js:2692:17)
    at http://localhost:8123/assets/index-9ZnA3Y41.js:5612:27
